"용도별(1)",용도별(2),2012,2012,2012,2012,2012,2012,2012,2012,2012,2012,2012,2012,2012,2012,2012,2012,2012,2012,2012,2013,2013,2013,2013,2013,2013,2013,2013,2013,2013,2013,2013,2013,2013,2013,2013,2013,2013,2013,2014,2014,2014,2014,2014,2014,2014,2014,2014,2014,2014,2014,2014,2014,2014,2014,2014,2014,2014,2015,2015,2015,2015,2015,2015,2015,2015,2015,2015,2015,2015,2015,2015,2015,2015,2015,2015,2015,2016,2016,2016,2016,2016,2016,2016,2016,2016,2016,2016,2016,2016,2016,2016,2016,2016,2016,2016,2017,2017,2017,2017,2017,2017,2017,2017,2017,2017,2017,2017,2017,2017,2017,2017,2017,2017,2018,2018,2018,2018,2018,2018,2018,2018,2018,2018,2018,2018,2018,2018,2018,2018,2018,2018,2018,2019,2019,2019,2019,2019,2019,2019,2019,2019,2019,2019,2019,2019,2019,2019,2019,2019,2019,2019,2020,2020,2020,2020,2020,2020,2020,2020,2020,2020,2020,2020,2020,2020,2020,2020,2020,2020,2020,2021,2021,2021,2021,2021,2021,2021,2021,2021,2021,2021,2021,2021,2021,2021,2021,2021,2021,2021,2022,2022,2022,2022,2022,2022,2022,2022,2022,2022,2022,2022,2022,2022,2022,2022,2022,2022,2022
"용도별(1)",용도별(2),계,서울,부산,대구,인천,광주,대전,울산,세종,경기,강원,충북,충남,전북,전남,경북,경남,제주,개성,계,서울,부산,대구,인천,광주,대전,울산,세종,경기,강원,충북,충남,전북,전남,경북,경남,제주,개성,계,서울,부산,대구,인천,광주,대전,울산,세종,경기,강원,충북,충남,전북,전남,경북,경남,제주,개성,계,서울,부산,대구,인천,광주,대전,울산,세종,경기,강원,충북,충남,전북,전남,경북,경남,제주,개성,계,서울,부산,대구,인천,광주,대전,울산,세종,경기,강원,충북,충남,전북,전남,경북,경남,제주,개성,계,서울,부산,대구,인천,광주,대전,울산,세종,경기,강원,충북,충남,전북,전남,경북,경남,제주,계,서울,부산,대구,인천,광주,대전,울산,세종,경기,강원,충북,충남,전북,전남,경북,경남,제주,개성,계,서울,부산,대구,인천,광주,대전,울산,세종,경기,강원,충북,충남,전북,전남,경북,경남,제주,개성,계,서울,부산,대구,인천,광주,대전,울산,세종,경기,강원,충북,충남,전북,전남,경북,경남,제주,개성,계,서울,부산,대구,인천,광주,대전,울산,세종,경기,강원,충북,충남,전북,전남,경북,경남,제주,개성,계,서울,부산,대구,인천,광주,대전,울산,세종,경기,강원,충북,충남,전북,전남,경북,경남,제주,개성
"합계",소계,466592949,47234102,20664842,14954958,22651946,8130493,9160107,29362724,578610,100291952,15904382,21361911,44492412,21462325,28484719,44799525,33014947,3864639,178351,474848580,46555105,20364705,15080052,22673441,8274074,9225140,29992969,2345527,102227067,15794741,21665043,45466812,21708655,30302068,45444247,33530619,4094900,103415,477591701,45018862,19980898,14858786,22578048,8197276,9102524,30115124,2437032,102180707,15778145,22179261,47294961,22297413,31722944,46016364,33435157,4220090,178108,483654816,45381484,20002307,14947708,23211766,8333873,9182737,30286140,2641139,105048003,16206618,22949032,47286062,22086860,32637829,44956836,33876325,4429553,190544,497038904,46493234,20467093,15268114,23875857,8558369,9379633,32095217,2801866,109403901,16498768,24008863,48453931,22733495,33096902,44647503,34497477,4738201,20478,507746386,46298158,21007358,15386372,24515313,8683649,9423804,31609850,2918758,114847859,16552836,24843477,50180209,22799647,33562076,45455611,34647864,5013545,526149160,47810210,21216605,15675749,24921926,8773811,9648827,33748169,3087693,122695954,16845836,26239895,52012705,22961959,34118388,45958814,35158610,5272604,1405,520498738,47167205,20802410,15265584,24280690,8603297,9415699,34138999,3226179,123022307,16368275,26732303,52644854,22280693,32385388,44314767,34472017,5374285,3786,509269715,45787926,20503969,14758568,23638583,8531108,9405221,33157834,3393223,124688964,16120067,26901894,50422732,20538912,30973975,41001627,34069974,5373288,1850,533430811,47295807,21067833,15443949,24901194,8973447,9748621,33593123,4295363,133445948,16808006,28402063,48801626,21486861,33486886,44258297,35734059,5687730,-,547932742,48788677,21493648,16039260,25506864,9116871,10016877,32919181,3182079,140531012,17325520,29412227,50259638,21838474,34665105,44601033,36190920,6045356,-
"가정용",소계,63536151,13401442,4442765,3050594,3594327,1760440,1846191,1415434,35895,15445318,1876292,1898041,2518449,2268132,2187655,3133988,4026934,634238,16,63970473,13319847,4437009,3076642,3643784,1850640,1856172,1445229,157398,15554163,1885497,1915496,2448583,2282596,2206805,3177243,4055225,658131,13,62675313,12892129,4309603,2973764,3596277,1841416,1826425,1419552,192589,15291673,1868276,1891278,2423744,2236213,2163133,3118273,3983189,647664,115,63794045,12964825,4352290,3024175,3662376,1880747,1849215,1450241,272724,15607128,1888434,1940308,2509792,2276416,2205174,3176918,4057544,675632,106,66173065,13311577,4472262,3143661,3819581,1948144,1899110,1488489,333148,16311036,1928362,2011175,2629227,2340425,2281952,3293587,4226226,735092,11,66517356,13131172,4473510,3151904,3856852,1954876,1872890,1487143,384903,16587710,1940933,2027281,2691823,2326183,2284124,3302463,4260988,782601,70687230,13766796,4660700,3314918,4112199,2056435,1970225,1552259,470529,18016468,2060399,2184846,2897959,2431432,2380293,3498309,4482335,831090,38,70455408,13499066,4624742,3252483,4121503,2038974,1938646,1546257,507708,18228495,2081091,2179834,2887132,2397330,2358630,3466430,4475992,850989,106,74073576,13982706,4837487,3411777,4294880,2154034,2019639,1611703,558990,19387551,2197106,2291890,3038547,2519052,2500682,3631035,4718536,917914,47,77558386,14656127,4974889,3461331,4586787,2215918,2102655,1638730,612111,20775255,2289719,2385627,3184715,2588903,2578822,3709248,4826057,971492,-,78557569,14550103,5054430,3580477,4704964,2249750,2142124,1648161,645445,21128150,2332245,2434713,3250542,2597581,2606963,3763344,4863308,1005271,-
"공공용",소계,21422339,3624262,1279869,661680,892624,495329,1009641,372416,32970,5125386,1229972,1123754,1049549,879868,835185,1364412,1198079,243851,3492,21982157,3678016,1211194,720295,907600,508170,994017,416334,158417,5265656,1227319,1157096,1026569,905862,848671,1416472,1287147,250462,2860,21669250,3577029,1167560,720034,885272,490832,996964,420002,192574,5137297,1234181,1140218,992261,905035,854225,1411809,1294726,246012,3219,22178571,3639448,1174232,747243,901663,519066,948718,433216,246413,5127615,1302530,1192535,1007144,997780,888012,1460187,1329556,259990,3223,22908419,3665453,1220802,779742,891181,549136,945572,450158,274841,5337048,1338782,1204239,1065147,1057537,930548,1522577,1388559,286688,408,23604532,3581534,1305876,826396,921748,565527,954681,489865,299675,5533662,1400421,1267140,1089613,1096968,964024,1578115,1427560,301727,24568575,3718778,1345988,863982,951152,577510,1031276,506777,317409,5763235,1496466,1301822,1135633,1132037,995476,1648637,1465601,315891,905,24458147,3697299,1332992,852760,947488,574010,1042761,479123,329515,5768005,1435426,1315758,1121458,1117306,1000292,1661268,1456429,323854,2403,23622904,3432231,1249802,808903,871533,524607,1029942,457346,326228,5665320,1385801,1265385,1061727,1066828,1177568,1586986,1395218,316304,1175,25025912,3575378,1280159,866403,943788,568578,1107741,505195,342947,5941474,1478686,1360538,1121942,1082470,1373405,1706260,1437292,333656,-,26218458,3731551,1318967,896890,1061842,596484,1196638,540143,369610,6148678,1562036,1414053,1205339,1117563,1384767,1790827,1522501,360568,-
"서비스업",소계,132498774,28116229,7337031,5378230,6326536,3036596,3760029,3440380,107229,29826560,5985865,4535277,6603709,4742703,5128688,8288663,8152875,1721762,10412,132054877,27462677,7330290,5308713,6281839,3031697,3758077,3675815,476738,29980799,5947614,4536270,6399261,4696897,5070480,8116028,8175464,1798799,7419,128629517,26463097,7141257,5137239,6175099,2985154,3640153,3392090,465186,29681236,5766094,4354886,6258873,4537971,4969124,7824164,7973643,1854989,9262,132049197,26735844,7211682,5203463,6364880,3036910,3779404,3495222,519738,30798442,5865276,4477619,6753172,4671358,5157332,7864509,8136258,1969206,8882,137982086,27585977,7539824,5368813,6846858,3115344,3935470,3843139,590633,32219335,6179523,4652918,7167562,4814017,5422859,8140209,8416652,2141850,1105,140952297,27647345,7582169,5470438,7154416,3174973,3955921,3649386,645424,33434551,6203749,4804638,7164439,4910318,5690659,8487402,8667737,2308732,149983025,28584165,7736225,5675069,7820525,3293830,4107000,3982738,716973,36852914,6439502,5384580,7643615,5258501,5936592,9019634,9097115,2433585,462,148310526,28337213,7510465,5591492,7797607,3234348,4067843,3780243,770635,36766527,6289923,5305664,7583962,5152493,6069505,8724876,8861115,2465336,1277,144443994,26860179,7416837,5406278,7391006,3165538,4026171,3614653,806969,36288050,6175120,5212990,7468271,5048965,5708835,8480620,8915532,2457351,628,148181597,27499011,7507103,5562421,7572381,3272320,4112045,3497844,1520211,37299472,6398541,5365193,7230648,5146076,5739917,8788905,9042660,2626848,-,155219784,28974161,7934443,5850911,8047040,3388222,4281816,3481349,290326,40545794,6626692,5613790,7707805,5313085,5915581,9033740,9371342,2843687,-
"농림어업",소계,12074003,14928,97763,64790,103592,65475,25297,77373,16863,1985029,431374,553410,1547733,1010655,2225686,1298131,1492768,1063136,0,13061606,13887,93161,67041,103997,70262,25826,80826,65814,2087187,465744,583998,1602407,1076552,2438191,1412155,1701768,1172790,0,13556459,13361,95473,63345,114712,71219,26491,79596,65955,2140966,507427,605989,1628947,1120214,2544135,1440916,1784500,1253213,0,14644965,14231,96752,66068,132422,72806,28359,74015,73944,2263979,546991,668578,1767004,1285640,2743853,1588826,1930699,1290798,0,15396810,14684,106631,68684,142255,74005,27562,76079,79228,2338988,577378,709252,1875034,1384058,2881301,1662500,2050330,1328839,-,15981131,15150,107927,69142,142953,74608,28643,80221,69469,2371347,607139,721131,1928066,1415004,3096126,1747462,2141813,1364930,17126089,15917,121838,71615,149307,76172,31998,83071,78781,2542274,659119,805162,2112522,1528635,3268746,1896131,2250820,1433981,-,17304666,15194,110821,71232,151959,74320,32481,80392,81895,2605405,693533,837037,2136303,1537829,3268517,1927672,2211889,1468187,-,17036658,14757,106915,72005,143486,72418,32961,80504,83300,2527503,698450,834980,2043578,1547056,3187514,1937129,2254783,1399316,-,18496161,19189,110847,79759,166780,76903,37039,90321,90952,2712094,783547,920412,2291760,1704721,3461170,2135822,2369741,1445104,-,19285373,19956,112183,85684,165992,87214,39500,92980,91637,2803262,791361,956883,2389068,1784102,3636671,2295285,2414495,1519101,-
"광업",소계,1616371,11283,20053,3635,72399,1331,1967,20415,4224,245369,343841,105055,417407,65833,59315,167680,69323,6927,314,1478042,2715,20557,3874,70069,1939,2350,20051,18440,236524,347751,110890,255449,68120,64730,172737,74589,7083,174,1570929,2703,22702,4113,73523,2302,2281,19389,19669,244570,364636,113110,274278,70214,60894,214434,75692,6217,202,1630854,3106,21068,4444,83342,2430,2532,20661,22505,259545,367336,116955,280838,69440,64881,223169,82166,6266,170,1754503,3594,23195,4703,92925,2280,2113,21516,20193,299012,401251,129606,292888,69160,68567,229232,87007,7239,21,1746243,4064,25289,5858,71529,2898,3326,20103,16364,317263,398287,139856,248313,85300,73217,224568,95989,14019,1478380,2609,20964,5778,44716,1715,884,16310,13123,282987,390573,117622,168165,62903,65946,208318,71211,4556,-,1492515,2067,18191,6673,46549,1780,982,13076,13779,274639,408545,123427,172239,64056,73913,200766,67524,4309,-,1552100,1946,18093,11484,53695,1754,906,13973,10923,258425,446395,127046,198913,65127,75960,197009,65373,5078,-,1806892,1902,19576,15128,87829,3490,877,15117,11510,271724,452010,128817,341587,69757,82528,228781,68712,7547,-,1758985,2004,20393,16922,86695,3438,1175,13921,11588,261890,445375,124485,339103,66663,76732,219137,61534,7929,-
"제조업",소계,235445313,2065958,7487361,5796029,11662470,2771323,2516982,24036707,381428,47664290,6037038,13146375,32355565,12495135,18048189,30546652,18074967,194727,164117,242301428,2077962,7272494,5903488,11666153,2811367,2588699,24354713,1468720,49102739,5920815,13361293,33734544,12678628,19673192,31149611,18236426,207635,92949,249490234,2070544,7244302,5960292,11733166,2806354,2610211,24784494,1501059,49684965,6037531,14073780,35716859,13427765,21131433,32006769,18323406,211994,165310,249357182,2024028,7146285,5902315,12067082,2821914,2574509,24812786,1505815,50991294,6236052,14553036,34968111,12786226,21578576,30643227,18340103,227661,178162,252824020,1911951,7104377,5902508,12083058,2869458,2569807,26215841,1503823,52898480,6073473,15301673,35424074,13068299,21511674,29799399,18328702,238493,18932,258944827,1918893,7512587,5862634,12367815,2910767,2608343,25883132,1502923,56603326,6002307,15883431,37057955,12965874,21453926,30115601,18053777,241536,-,-,-,-,-,-,-,-,-,-,-,-,-,-,-,-,-,-,-,-,-,-,-,-,-,-,-,-,-,-,-,-,-,-,-,-,-,-,-,-,-,-,-,-,-,-,-,-,-,-,-,-,-,-,-,-,-,-,-,-,-,-,-,-,-,-,-,-,-,-,-,-,-,-,-,-,-,-,-,-,-,-,-,-,-,-,-,-,-,-,-,-,-,-,-
"제조업",식료품,9792879,242808,522468,195756,581697,153491,169633,199490,25065,2149007,406607,945491,963058,1311886,408848,505682,882181,128655,1056,10018478,236744,519316,200149,567333,155535,176950,197990,103398,2187404,415908,966133,927064,1375086,434041,517437,897431,139874,685,10105221,233416,509703,201265,578993,150697,192047,196046,107589,2222326,426208,997669,959565,1336627,433178,510954,903905,144223,810,10485097,235680,520845,205423,594980,151856,195676,192087,113300,2343302,462882,1047696,1007490,1372945,443810,531246,909615,155408,856,10998804,232568,527116,211378,625099,161844,203781,198879,114202,2475853,497108,1122785,1046008,1442112,496832,556234,925244,161661,100,11282454,227077,532943,212626,641088,161072,204171,187738,110211,2544420,546621,1152073,1137035,1459217,511361,566071,932743,155987,-,-,-,-,-,-,-,-,-,-,-,-,-,-,-,-,-,-,-,-,-,-,-,-,-,-,-,-,-,-,-,-,-,-,-,-,-,-,-,-,-,-,-,-,-,-,-,-,-,-,-,-,-,-,-,-,-,-,-,-,-,-,-,-,-,-,-,-,-,-,-,-,-,-,-,-,-,-,-,-,-,-,-,-,-,-,-,-,-,-,-,-,-,-,-
"제조업",섬유 의복,12723373,516170,613058,1325169,114388,319034,45426,1063263,16972,2285536,10570,402341,440894,698339,119758,4303745,384447,1219,63044,12428656,511595,605678,1291907,107328,318928,44581,1030273,72894,2226111,12410,405861,377096,793764,123227,4094785,377365,1294,33559,11965254,494311,559687,1235868,88592,317248,41653,979710,74428,2101197,11575,407253,363123,788774,141168,3925426,364838,1197,69206,11604490,494454,544803,1139347,75610,322000,43412,992870,73993,2063141,12402,393696,311320,812727,146351,3753969,347479,1182,75734,11425575,509844,537561,1108447,77205,308617,44281,968550,75639,2104730,13250,350549,269725,777728,158529,3764806,347441,1151,7524,11260607,497699,528513,1057342,75895,295922,41687,943299,70617,2109963,13027,333846,269998,731651,160506,3780171,346974,3497,-,-,-,-,-,-,-,-,-,-,-,-,-,-,-,-,-,-,-,-,-,-,-,-,-,-,-,-,-,-,-,-,-,-,-,-,-,-,-,-,-,-,-,-,-,-,-,-,-,-,-,-,-,-,-,-,-,-,-,-,-,-,-,-,-,-,-,-,-,-,-,-,-,-,-,-,-,-,-,-,-,-,-,-,-,-,-,-,-,-,-,-,-,-,-
"제조업",목재 나무,1771975,5430,64533,18330,642429,6239,7893,14515,1729,489731,15188,35271,40155,272640,23934,67583,65234,1141,0,1858882,5080,60009,19270,620569,5768,9883,15095,6439,532361,15450,40761,86512,280525,24470,70446,65106,1138,0,1927731,4288,55696,17116,632866,5964,10086,14721,5110,534860,16656,48510,131999,288786,25728,69599,64602,1144,0,1903958,4460,54870,15956,635370,6299,10080,14281,1624,527824,18438,51720,131316,274035,26174,66717,63566,1228,0,1917895,4351,54228,15916,644686,6064,4478,13421,1393,538295,19039,50726,131010,274701,26791,70680,60612,1504,-,1925029,4399,51980,16215,639429,6782,4311,12286,1324,529274,19147,51682,134109,291729,27998,72680,60160,1524,-,-,-,-,-,-,-,-,-,-,-,-,-,-,-,-,-,-,-,-,-,-,-,-,-,-,-,-,-,-,-,-,-,-,-,-,-,-,-,-,-,-,-,-,-,-,-,-,-,-,-,-,-,-,-,-,-,-,-,-,-,-,-,-,-,-,-,-,-,-,-,-,-,-,-,-,-,-,-,-,-,-,-,-,-,-,-,-,-,-,-,-,-,-,-
"제조업",펄프 종이,8513142,37118,26596,434094,56935,30152,579240,640025,83500,1924251,27284,1010573,899639,1411677,313406,305496,706484,18309,8363,8689559,37446,27393,443535,55850,31003,580386,650356,345629,1935883,26343,843718,794953,1418780,317065,306859,849068,20440,4852,8547864,36901,25015,426168,55723,30951,576023,621349,338085,1859121,24814,854073,793968,1413572,305032,309299,850281,19583,7906,8521617,39135,25071,410334,55950,37986,577350,616237,351564,1871310,21970,847104,807825,1303163,315523,357586,856133,19115,8261,8615101,42941,25880,428370,58092,41467,548247,635512,356394,1870281,23602,888072,814073,1349266,321116,368699,823178,19067,844,8386401,43281,27240,445646,57159,41827,539332,620457,350896,1917458,24382,880020,809760,1282937,145685,361772,817685,20864,-,-,-,-,-,-,-,-,-,-,-,-,-,-,-,-,-,-,-,-,-,-,-,-,-,-,-,-,-,-,-,-,-,-,-,-,-,-,-,-,-,-,-,-,-,-,-,-,-,-,-,-,-,-,-,-,-,-,-,-,-,-,-,-,-,-,-,-,-,-,-,-,-,-,-,-,-,-,-,-,-,-,-,-,-,-,-,-,-,-,-,-,-,-,-
"제조업",출판 인쇄,1537845,375164,47270,37847,65196,21489,19509,3474,434,784643,8973,25933,37720,19652,5620,42974,33315,2417,6215,1480561,354896,42386,41209,68024,20294,18144,3281,1990,748021,8239,25697,37794,17783,10565,46531,30171,2451,3085,1432506,332024,37954,43189,67650,18836,17313,2999,2038,730132,7728,26185,40750,13878,11293,45759,27148,2123,5507,1410969,315896,35015,43509,66481,20852,16326,3117,2516,726295,7154,23632,44260,13449,11037,44952,28169,2113,6196,1398619,311975,34301,46059,68965,22430,15727,3063,2751,716775,7282,22088,48970,13659,7131,44757,29683,2317,686,1397293,296772,33000,46804,71120,22038,14802,3325,2998,731348,7727,23940,50869,10512,6714,44402,28486,2436,-,-,-,-,-,-,-,-,-,-,-,-,-,-,-,-,-,-,-,-,-,-,-,-,-,-,-,-,-,-,-,-,-,-,-,-,-,-,-,-,-,-,-,-,-,-,-,-,-,-,-,-,-,-,-,-,-,-,-,-,-,-,-,-,-,-,-,-,-,-,-,-,-,-,-,-,-,-,-,-,-,-,-,-,-,-,-,-,-,-,-,-,-,-,-
"제조업",석유 화학,50539523,134783,442201,349567,1477487,416040,635722,12904701,46519,5902989,144004,1968782,6289898,3904009,10303458,3242053,2358660,12964,5686,52112319,122725,447533,353975,1463718,393840,617169,13209533,193743,6160065,144560,2023299,6675671,3812269,11086761,3027224,2365490,10958,3786,54992166,119279,447804,362211,1757831,385448,593251,13715312,209742,6151077,155258,2152650,7435769,4438986,12324222,2961813,1761949,13461,6103,55660379,115136,446774,390176,2011646,381875,594657,13592197,224023,6304883,155434,2148503,7352045,4174529,12795990,3232753,1719501,15044,5213,58483202,180145,442666,409916,1963474,394338,623711,14810683,243184,6579585,165493,2228843,7443547,4574459,13174201,3432961,1799001,16421,570,60469126,286957,438833,418485,2039737,391151,630776,14870740,261583,6881775,175323,2350133,7787274,4452120,13945376,3653665,1865583,19615,-,-,-,-,-,-,-,-,-,-,-,-,-,-,-,-,-,-,-,-,-,-,-,-,-,-,-,-,-,-,-,-,-,-,-,-,-,-,-,-,-,-,-,-,-,-,-,-,-,-,-,-,-,-,-,-,-,-,-,-,-,-,-,-,-,-,-,-,-,-,-,-,-,-,-,-,-,-,-,-,-,-,-,-,-,-,-,-,-,-,-,-,-,-,-
"제조업",요업,10927943,35971,97123,63621,185608,22742,42851,245813,82252,1295536,3342452,2011064,948504,556762,550324,978667,447965,19563,1125,11236441,35312,85152,59760,170952,20222,39435,233770,329351,1332819,3300312,2076544,810738,555121,562068,1156074,447103,20993,715,11642680,35440,71257,59745,166103,21294,36244,204044,351763,1461240,3413324,2210504,823354,542889,539705,1256116,429161,19313,1184,12022644,34262,73305,61656,172615,21560,45678,202468,336860,1581895,3504531,2321019,857455,544985,567681,1248170,425817,21259,1428,12575440,31505,75080,65287,189695,23018,50190,182931,316587,1665158,3744457,2493113,907359,596502,573029,1214171,424389,22807,164,12612249,26940,77770,68138,182027,20727,53481,183983,305849,1728378,3695796,2431827,914756,614012,586208,1269917,429918,22522,-,-,-,-,-,-,-,-,-,-,-,-,-,-,-,-,-,-,-,-,-,-,-,-,-,-,-,-,-,-,-,-,-,-,-,-,-,-,-,-,-,-,-,-,-,-,-,-,-,-,-,-,-,-,-,-,-,-,-,-,-,-,-,-,-,-,-,-,-,-,-,-,-,-,-,-,-,-,-,-,-,-,-,-,-,-,-,-,-,-,-,-,-,-,-
"제조업",1차금속,45675836,35896,2473960,291807,3802357,74103,83523,4125555,5768,1853739,1597656,422551,8675600,1964158,5181021,11792252,3286250,462,9178,46466614,29298,2336720,300441,2140298,71673,70234,4205218,22929,1929144,1501965,428958,9704300,2038371,6034638,12353535,3293300,514,5078,48790671,29215,2304766,303860,2000267,73127,56980,4171793,24748,1949373,1484402,442163,10556535,2183324,6106671,13275549,3819242,598,8058,46191526,28762,2160105,296803,2047014,72819,52111,4408008,26163,1915672,1545072,446339,9301698,1984403,6075259,12040196,3781878,727,8497,45004788,23944,2167251,318951,2100917,74497,57662,4803598,26009,1991480,1116385,461721,9598797,1975919,5568202,10973129,3744411,973,943,45329276,17236,2426693,317580,2346232,75702,56535,4671005,32345,2020196,1038913,469546,9976454,2158438,5036891,10874970,3809547,993,-,-,-,-,-,-,-,-,-,-,-,-,-,-,-,-,-,-,-,-,-,-,-,-,-,-,-,-,-,-,-,-,-,-,-,-,-,-,-,-,-,-,-,-,-,-,-,-,-,-,-,-,-,-,-,-,-,-,-,-,-,-,-,-,-,-,-,-,-,-,-,-,-,-,-,-,-,-,-,-,-,-,-,-,-,-,-,-,-,-,-,-,-,-,-
"제조업",조립금속,8322460,68757,688530,562311,764509,143984,101805,288350,5436,2070485,41125,556767,406504,93121,120639,698091,1691709,1705,18632,8479274,66930,666987,570358,767058,144623,93793,318072,13729,2123507,43484,589708,393725,110664,112669,773000,1678052,1913,11002,8613089,63974,674435,592137,751884,141422,93006,342881,13049,2126298,42315,618146,399858,114421,119228,792950,1707167,2286,17632,8723717,61558,696571,615728,742382,139810,86112,365690,12619,2130832,44108,656341,452526,116170,131057,760447,1691776,2703,17287,9037399,63433,718849,625083,736179,143194,79605,401555,12604,2184649,41821,702551,513282,124671,128425,904541,1651977,3165,1814,9523400,64682,872952,661307,750654,156396,69342,393469,11390,2302355,39477,738699,565003,137635,123651,933178,1699879,3331,-,-,-,-,-,-,-,-,-,-,-,-,-,-,-,-,-,-,-,-,-,-,-,-,-,-,-,-,-,-,-,-,-,-,-,-,-,-,-,-,-,-,-,-,-,-,-,-,-,-,-,-,-,-,-,-,-,-,-,-,-,-,-,-,-,-,-,-,-,-,-,-,-,-,-,-,-,-,-,-,-,-,-,-,-,-,-,-,-,-,-,-,-,-,-
"제조업",기타기계,13554602,201179,879476,482253,917378,412856,112201,156655,50761,6042998,31095,270517,771099,531841,129551,684621,1865072,686,14363,14262025,194050,866860,513963,936171,407886,112227,155232,204708,6593588,32979,289059,663355,545219,136319,731670,1868720,799,9220,14960419,181621,880735,527252,935271,384178,108618,169006,197799,7138308,35635,320202,689097,479445,153515,800970,1944933,733,13101,15750982,174971,896623,521443,1002356,405394,107734,171079,192435,7983360,44904,331939,689500,363030,112169,821770,1917053,905,14317,10096754,171729,850059,510313,900644,177443,72182,163592,22391,3448575,29997,361567,557209,157323,65225,744486,1861373,961,1684,10539702,163688,904149,516493,942801,198847,77970,169132,26185,3613798,35063,366871,611925,159699,66431,782570,1902913,1167,-,-,-,-,-,-,-,-,-,-,-,-,-,-,-,-,-,-,-,-,-,-,-,-,-,-,-,-,-,-,-,-,-,-,-,-,-,-,-,-,-,-,-,-,-,-,-,-,-,-,-,-,-,-,-,-,-,-,-,-,-,-,-,-,-,-,-,-,-,-,-,-,-,-,-,-,-,-,-,-,-,-,-,-,-,-,-,-,-,-,-,-,-,-,-
"제조업",사무기기,928898,5754,966,33816,20497,3908,9242,454489,5009,278338,623,69483,13749,6921,536,18282,5445,0,1840,887412,5964,1313,37706,18227,4129,7701,420129,18114,287965,1236,43173,11476,6935,528,16527,5593,0,696,699379,5402,2012,40973,13434,3742,6533,237127,18913,295853,1118,33564,9575,6662,503,16606,5576,0,1786,441026,5392,2768,40958,9154,3353,4538,4621,17588,274225,927,36994,12129,6672,551,13941,5261,0,1954,453424,4983,3537,45415,9660,4673,2928,4509,14940,291569,989,30266,14466,6347,486,13021,5410,-,225,489281,4395,4913,58446,7853,5967,2949,5053,14319,317244,2019,23076,12208,7240,1061,14468,8070,0,-,-,-,-,-,-,-,-,-,-,-,-,-,-,-,-,-,-,-,-,-,-,-,-,-,-,-,-,-,-,-,-,-,-,-,-,-,-,-,-,-,-,-,-,-,-,-,-,-,-,-,-,-,-,-,-,-,-,-,-,-,-,-,-,-,-,-,-,-,-,-,-,-,-,-,-,-,-,-,-,-,-,-,-,-,-,-,-,-,-,-,-,-,-,-
"제조업",전기기기,5151054,16337,100909,225506,190752,199131,87778,92709,30305,1065260,16870,798272,494038,113340,92280,669977,954816,332,2442,5088701,16371,105293,221541,196636,212164,86144,96465,35143,1103664,19969,778341,410316,106870,95729,661882,940103,434,1636,5222061,14952,105470,208118,199975,215300,84657,158939,36613,1093797,26020,803809,430560,107902,108521,679092,945061,516,2759,5353309,12368,106629,201356,199200,215908,80886,317148,35331,1074987,33066,835714,440058,131640,66669,674295,924282,610,3162,5656438,12262,103776,187243,205217,222808,80218,374310,34868,1081652,33471,988087,425442,130350,140864,694446,940308,760,356,5801908,11425,107717,180189,178502,236622,83609,381602,33539,1040171,38062,1125141,428906,130692,149939,750786,924235,771,-,-,-,-,-,-,-,-,-,-,-,-,-,-,-,-,-,-,-,-,-,-,-,-,-,-,-,-,-,-,-,-,-,-,-,-,-,-,-,-,-,-,-,-,-,-,-,-,-,-,-,-,-,-,-,-,-,-,-,-,-,-,-,-,-,-,-,-,-,-,-,-,-,-,-,-,-,-,-,-,-,-,-,-,-,-,-,-,-,-,-,-,-,-,-
"제조업",영상 음향,37681599,146549,81745,288769,815411,482575,296531,50139,7072,16207248,37574,3527256,9869015,399991,45563,4817924,590858,505,16874,38678769,144230,85417,293500,911510,490073,396820,43429,33090,16451224,36969,3641676,10255151,395484,46645,4828916,615139,8,9488,38698786,136344,91227,323839,932633,500846,452810,29884,29688,16474457,33792,3808252,10134898,414411,48329,4653231,618626,0,15519,38440880,119958,91287,333091,915072,474992,420736,22066,23672,16583276,32187,3910064,10179377,398785,46397,4271136,599966,0,18818,44497525,103691,89757,320261,1078104,730433,442603,22027,182092,22171639,34162,3961941,10144897,418468,43992,4161617,589690,-,2152,47699795,46225,90644,252662,1124564,723764,474561,24165,170366,24519644,43986,4103832,10953811,420005,42399,4174971,534196,0,-,-,-,-,-,-,-,-,-,-,-,-,-,-,-,-,-,-,-,-,-,-,-,-,-,-,-,-,-,-,-,-,-,-,-,-,-,-,-,-,-,-,-,-,-,-,-,-,-,-,-,-,-,-,-,-,-,-,-,-,-,-,-,-,-,-,-,-,-,-,-,-,-,-,-,-,-,-,-,-,-,-,-,-,-,-,-,-,-,-,-,-,-,-,-
"제조업",의료 광학,3191569,39395,52466,55614,925233,13296,83383,17582,2040,947509,50927,326790,213110,95046,32366,170193,163411,3208,0,4948416,39068,54062,68709,2532151,12491,89526,18798,10325,1012772,58984,378653,212709,93125,34119,171295,158247,3382,0,5054537,42040,60417,69588,2390047,12751,84705,22435,12580,1031638,63270,407543,388034,91143,35785,180897,158224,3440,0,5615076,44257,67807,74853,2463884,14563,90167,21484,12107,1106204,71069,448911,714739,93708,39991,192924,154470,3938,0,5859907,47329,70536,79060,2444405,20653,98456,21374,13292,1197404,81252,510595,765080,91145,44250,205322,165548,4207,-,5931997,54697,74733,85871,2250315,27221,97278,22508,24557,1336390,84397,587361,771894,64088,49380,217771,178498,5038,-,-,-,-,-,-,-,-,-,-,-,-,-,-,-,-,-,-,-,-,-,-,-,-,-,-,-,-,-,-,-,-,-,-,-,-,-,-,-,-,-,-,-,-,-,-,-,-,-,-,-,-,-,-,-,-,-,-,-,-,-,-,-,-,-,-,-,-,-,-,-,-,-,-,-,-,-,-,-,-,-,-,-,-,-,-,-,-,-,-,-,-,-,-,-
"제조업",자동차,17041507,21652,1049904,1291732,728109,447047,212518,2416330,17656,3102172,106681,523876,2213185,863167,53970,2028125,1955444,650,9289,17588170,23548,1034126,1354751,712258,490080,219091,2406535,73499,3092126,125074,549391,2299054,878660,76194,2169532,2077901,879,5471,18334343,21859,1077013,1414828,695199,512178,229997,2493913,75230,3128030,128491,595909,2484420,931956,79389,2286013,2169642,863,9413,18468776,20914,1075709,1414323,652598,519659,222588,2481790,77149,3097546,132206,607551,2588823,908113,80378,2394212,2184266,870,10081,18276571,20582,1073851,1393384,651624,508656,217281,2384823,80051,3045166,122824,595838,2659075,860890,78299,2408913,2173414,778,1122,17903595,20182,1046529,1381273,612898,512148,218191,2367150,79009,2977165,113448,603349,2526658,859741,72132,2356890,2156059,773,-,-,-,-,-,-,-,-,-,-,-,-,-,-,-,-,-,-,-,-,-,-,-,-,-,-,-,-,-,-,-,-,-,-,-,-,-,-,-,-,-,-,-,-,-,-,-,-,-,-,-,-,-,-,-,-,-,-,-,-,-,-,-,-,-,-,-,-,-,-,-,-,-,-,-,-,-,-,-,-,-,-,-,-,-,-,-,-,-,-,-,-,-,-,-
"제조업",기타운송,5643223,15224,283199,79676,93276,12043,4156,1354477,40,79246,179117,84281,30214,152615,614661,109760,2549929,425,884,5387979,17249,272717,70857,121626,12279,2409,1341975,149,71393,161559,75380,30008,147698,525298,111842,2424659,421,460,5679768,17230,279665,71056,202702,11833,2298,1416265,0,74269,152406,81010,29786,167666,647096,120051,2404986,435,1014,5821973,18253,284119,72389,162824,12109,3064,1401049,0,63496,134676,87470,31678,177702,674625,121369,2575675,464,1011,5435471,17921,266209,70535,51618,7827,4522,1219543,-,50125,125638,86774,33348,164143,641852,120884,2573952,487,94,4420508,17656,231141,68127,54225,5140,5439,1020610,0,67594,108629,82496,33766,70980,481592,123935,2048646,532,-,-,-,-,-,-,-,-,-,-,-,-,-,-,-,-,-,-,-,-,-,-,-,-,-,-,-,-,-,-,-,-,-,-,-,-,-,-,-,-,-,-,-,-,-,-,-,-,-,-,-,-,-,-,-,-,-,-,-,-,-,-,-,-,-,-,-,-,-,-,-,-,-,-,-,-,-,-,-,-,-,-,-,-,-,-,-,-,-,-,-,-,-,-,-
"제조업",가구 및 기타,1890201,164537,53868,39084,233808,4057,23032,7615,426,1061764,14429,103830,26305,14005,9203,39448,88026,1638,5126,2118918,234386,52723,40056,227804,4376,21805,7227,1621,1185453,11370,147221,21916,12764,10057,40703,94937,1282,3217,2265059,299376,52030,39496,215871,4712,21770,6766,1579,1185197,11177,226600,22431,14222,10618,43134,103474,1294,5312,2392198,295585,52442,38470,215448,5496,21311,5286,2493,1221007,11588,316230,23510,16104,10929,40531,109088,1333,5347,2547145,129841,51060,39146,236218,6143,21764,6266,4956,1362136,13202,403028,29923,16345,10474,46212,168228,1548,654,3408877,132707,49733,41814,360778,13392,31657,4984,5132,1833112,12872,513501,53804,16175,14670,60280,262523,1743,-,-,-,-,-,-,-,-,-,-,-,-,-,-,-,-,-,-,-,-,-,-,-,-,-,-,-,-,-,-,-,-,-,-,-,-,-,-,-,-,-,-,-,-,-,-,-,-,-,-,-,-,-,-,-,-,-,-,-,-,-,-,-,-,-,-,-,-,-,-,-,-,-,-,-,-,-,-,-,-,-,-,-,-,-,-,-,-,-,-,-,-,-,-,-
"제조업",재생재료,557681,3234,9089,21074,47399,9134,2539,1523,444,123838,5865,63297,22879,85965,43052,71779,45722,848,0,570260,3072,8808,21801,48640,16004,2401,1334,1970,129241,4006,57722,22705,89508,42797,71354,48041,856,0,558699,2872,9416,23582,48124,15828,2221,1305,2102,127791,3343,39738,23136,93103,41452,79308,44592,786,0,548565,2987,11542,26500,44498,15383,2083,1308,2378,122039,3438,42113,22362,94066,33985,77013,46108,762,0,543961,2907,12660,27744,41256,15353,2171,1205,2470,123408,3501,43129,21863,94271,31976,74520,44843,686,-,563329,2875,13104,33616,32538,16049,2252,1626,2603,133041,3418,46038,19725,99003,31932,77104,47662,743,-,-,-,-,-,-,-,-,-,-,-,-,-,-,-,-,-,-,-,-,-,-,-,-,-,-,-,-,-,-,-,-,-,-,-,-,-,-,-,-,-,-,-,-,-,-,-,-,-,-,-,-,-,-,-,-,-,-,-,-,-,-,-,-,-,-,-,-,-,-,-,-,-,-,-,-,-,-,-,-,-,-,-,-,-,-,-,-,-,-,-,-,-,-,-
"제조업(10차)",소계,-,-,-,-,-,-,-,-,-,-,-,-,-,-,-,-,-,-,-,-,-,-,-,-,-,-,-,-,-,-,-,-,-,-,-,-,-,-,-,-,-,-,-,-,-,-,-,-,-,-,-,-,-,-,-,-,-,-,-,-,-,-,-,-,-,-,-,-,-,-,-,-,-,-,-,-,-,-,-,-,-,-,-,-,-,-,-,-,-,-,-,-,-,-,-,-,-,-,-,-,-,-,-,-,-,-,-,-,-,-,-,-,-,262305861,1721945,7330890,5744387,11844027,2768149,2507444,27607014,1490878,59238076,5799777,16445863,38054811,12548451,21471335,29687785,17791528,253501,-,258477476,1616366,7205199,5490944,11215584,2679865,2332986,28239908,1522647,59379236,5459757,16970583,38743760,12011679,19614531,28333755,17399068,261610,-,248540483,1496106,6874835,5048120,10883983,2612757,2295602,27379654,1606813,60562115,5217195,17169602,36611696,10291884,18323416,25168848,16720533,277326,-,262361863,1544200,7175259,5458907,11543628,2836237,2388264,27845916,1717632,66445929,5405503,18241476,34630974,10894934,20251044,27689281,17989597,303083,-,266892573,1510903,7053232,5608376,11440330,2791763,2355623,27142626,1773473,69643238,5567812,18868303,35367782,10959480,21044390,27498700,17957740,308801,-
"제조업(10차)",식료품,-,-,-,-,-,-,-,-,-,-,-,-,-,-,-,-,-,-,-,-,-,-,-,-,-,-,-,-,-,-,-,-,-,-,-,-,-,-,-,-,-,-,-,-,-,-,-,-,-,-,-,-,-,-,-,-,-,-,-,-,-,-,-,-,-,-,-,-,-,-,-,-,-,-,-,-,-,-,-,-,-,-,-,-,-,-,-,-,-,-,-,-,-,-,-,-,-,-,-,-,-,-,-,-,-,-,-,-,-,-,-,-,-,10567031,231958,558499,194271,619405,113706,130386,176069,102988,2428316,464677,1066557,1045077,1476173,569843,497535,798972,92599,-,10932610,231717,546539,204465,611897,120086,132185,174773,105531,2512439,472788,1103046,1113407,1545549,628422,515328,818621,95817,-,11533642,222159,546699,206864,612767,126609,135928,176248,108099,2598805,477667,1141813,1291029,1603189,824544,529620,835040,96560,-,12114429,229770,588799,215988,647223,135456,141766,181879,110529,2742042,506910,1211162,1341884,1671103,850474,559796,873591,106057,-,12421748,227207,590743,220300,657765,137721,141433,189743,117364,2824176,521518,1256591,1394487,1662983,889927,573159,906129,110502,-
"제조업(10차)",음료,-,-,-,-,-,-,-,-,-,-,-,-,-,-,-,-,-,-,-,-,-,-,-,-,-,-,-,-,-,-,-,-,-,-,-,-,-,-,-,-,-,-,-,-,-,-,-,-,-,-,-,-,-,-,-,-,-,-,-,-,-,-,-,-,-,-,-,-,-,-,-,-,-,-,-,-,-,-,-,-,-,-,-,-,-,-,-,-,-,-,-,-,-,-,-,-,-,-,-,-,-,-,-,-,-,-,-,-,-,-,-,-,-,1127777,15896,22607,23440,16367,42928,19215,13302,2034,265018,100281,149787,74173,106763,22754,66187,114967,72058,-,1134722,15682,22445,24361,15815,40143,20013,14799,5404,276015,103202,139289,79170,111129,22531,66969,105838,71916,-,1167144,15226,21762,23020,13872,39221,19024,15155,8587,286869,108102,134583,82097,116298,23114,71796,113144,75274,-,1228555,15592,21263,22341,14937,41626,18495,15115,9363,305586,116978,140690,84892,112874,22894,77073,124395,84441,-,1284194,14982,19976,23859,15232,44451,19163,16025,9409,328630,121385,147833,88804,114893,23036,79636,130360,86519,-
"제조업(10차)",담배,-,-,-,-,-,-,-,-,-,-,-,-,-,-,-,-,-,-,-,-,-,-,-,-,-,-,-,-,-,-,-,-,-,-,-,-,-,-,-,-,-,-,-,-,-,-,-,-,-,-,-,-,-,-,-,-,-,-,-,-,-,-,-,-,-,-,-,-,-,-,-,-,-,-,-,-,-,-,-,-,-,-,-,-,-,-,-,-,-,-,-,-,-,-,-,-,-,-,-,-,-,-,-,-,-,-,-,-,-,-,-,-,-,180688,98,4,45,22,12595,59855,-,-,3031,7,8461,7,-,-,31017,65546,-,-,194650,97,4,45,18,10362,65195,-,-,3049,6,7768,16,-,-,34326,73764,-,-,201339,90,4,39,17,13612,68980,-,-,2717,4,8042,13,-,-,36264,71557,-,-,193632,88,4,34,13,14127,64379,-,-,3204,5,5796,14,-,-,34051,71917,-,-,201731,94,4,30,7,16839,66616,-,-,2917,13,5593,16,-,-,37621,71981,-,-
"제조업(10차)",섬유제품,-,-,-,-,-,-,-,-,-,-,-,-,-,-,-,-,-,-,-,-,-,-,-,-,-,-,-,-,-,-,-,-,-,-,-,-,-,-,-,-,-,-,-,-,-,-,-,-,-,-,-,-,-,-,-,-,-,-,-,-,-,-,-,-,-,-,-,-,-,-,-,-,-,-,-,-,-,-,-,-,-,-,-,-,-,-,-,-,-,-,-,-,-,-,-,-,-,-,-,-,-,-,-,-,-,-,-,-,-,-,-,-,-,9464892,131349,316768,932776,42921,254591,36452,928741,26086,1665562,10267,229280,211789,617253,153219,3661857,245516,465,-,8664922,120701,274220,847598,38901,206321,32341,841698,23962,1542416,10397,186530,199771,583057,174991,3354074,227456,487,-,7654031,106325,243663,695674,38124,149103,29093,691708,23684,1427650,11123,173346,161947,636218,172417,2885739,207744,471,-,8165706,108992,261194,734602,38272,140867,30573,794738,26896,1474890,13923,179526,171810,667959,168120,3145234,207626,487,-,7796961,106383,247706,714758,37877,142665,29765,655985,23099,1427360,13094,183100,161444,608019,166032,3076331,202800,543,-
"제조업(10차)",의복모피,-,-,-,-,-,-,-,-,-,-,-,-,-,-,-,-,-,-,-,-,-,-,-,-,-,-,-,-,-,-,-,-,-,-,-,-,-,-,-,-,-,-,-,-,-,-,-,-,-,-,-,-,-,-,-,-,-,-,-,-,-,-,-,-,-,-,-,-,-,-,-,-,-,-,-,-,-,-,-,-,-,-,-,-,-,-,-,-,-,-,-,-,-,-,-,-,-,-,-,-,-,-,-,-,-,-,-,-,-,-,-,-,-,700397,351305,50382,52114,12896,2025,2659,535,224,152029,1306,5856,14511,27236,5215,12095,9796,213,-,655391,337508,48001,46993,12815,1848,2483,546,249,144437,1157,6076,13181,16486,4193,12265,7046,106,-,583366,298795,41414,39299,11686,1852,2289,963,186,133332,1125,6026,11369,13386,4462,10910,6145,129,-,594224,310266,38375,39972,12711,1801,2399,911,283,137027,1177,5749,9213,13568,4426,10061,6138,146,-,596366,314780,37921,39257,12148,1608,2408,797,215,136465,1275,4776,9500,13430,4623,11030,5979,153,-
"제조업(10차)",가죽가방,-,-,-,-,-,-,-,-,-,-,-,-,-,-,-,-,-,-,-,-,-,-,-,-,-,-,-,-,-,-,-,-,-,-,-,-,-,-,-,-,-,-,-,-,-,-,-,-,-,-,-,-,-,-,-,-,-,-,-,-,-,-,-,-,-,-,-,-,-,-,-,-,-,-,-,-,-,-,-,-,-,-,-,-,-,-,-,-,-,-,-,-,-,-,-,-,-,-,-,-,-,-,-,-,-,-,-,-,-,-,-,-,-,538156,29206,126008,5558,8436,236,2226,920,-,190801,342,69086,15491,7324,245,8546,73731,-,-,499444,25636,112523,5590,7809,189,2366,565,1958,180804,327,62924,15408,5572,465,8878,68424,7,-,459414,21760,99685,6006,6865,160,2388,455,2116,169539,349,58837,15291,5542,586,7914,61910,13,-,472189,21502,104194,4097,6929,154,2896,418,2243,175447,269,61387,15624,5780,605,6774,63853,16,-,464675,21167,101683,4204,6128,150,2816,314,2021,175947,356,61600,12643,4568,503,7252,63317,7,-
"제조업(10차)",목재나무,-,-,-,-,-,-,-,-,-,-,-,-,-,-,-,-,-,-,-,-,-,-,-,-,-,-,-,-,-,-,-,-,-,-,-,-,-,-,-,-,-,-,-,-,-,-,-,-,-,-,-,-,-,-,-,-,-,-,-,-,-,-,-,-,-,-,-,-,-,-,-,-,-,-,-,-,-,-,-,-,-,-,-,-,-,-,-,-,-,-,-,-,-,-,-,-,-,-,-,-,-,-,-,-,-,-,-,-,-,-,-,-,-,1883352,4544,46643,17481,612837,6763,4520,15289,2094,509069,19963,52156,135568,293861,26925,74353,59862,1424,-,1742169,4315,45566,16624,564675,6641,4317,14834,1183,479271,19551,49339,126473,254887,24861,70208,58127,1297,-,1702772,4043,42197,15574,525391,6500,4121,14926,1126,482122,22574,51756,121805,252491,23691,74022,59066,1367,-,1760584,4201,45325,16502,513450,6316,4702,17620,1197,500613,23564,59294,130428,264414,24365,82622,64471,1500,-,1754400,4158,47855,15181,501921,6070,4665,15747,1339,502544,23171,59446,128080,266696,24737,81557,69687,1546,-
"제조업(10차)",펄프종이,-,-,-,-,-,-,-,-,-,-,-,-,-,-,-,-,-,-,-,-,-,-,-,-,-,-,-,-,-,-,-,-,-,-,-,-,-,-,-,-,-,-,-,-,-,-,-,-,-,-,-,-,-,-,-,-,-,-,-,-,-,-,-,-,-,-,-,-,-,-,-,-,-,-,-,-,-,-,-,-,-,-,-,-,-,-,-,-,-,-,-,-,-,-,-,-,-,-,-,-,-,-,-,-,-,-,-,-,-,-,-,-,-,7869283,43360,27378,452305,56101,41552,526789,611732,1302,1944995,26816,900402,782877,1171575,97229,343654,819784,21432,-,8039742,38045,26564,441865,51729,44116,530606,601558,342631,1964268,27340,866874,762746,1089205,98737,340978,790856,21625,-,7853476,35208,25402,446434,47592,47290,529343,545577,360206,1905291,27286,837563,747915,1071714,96744,338196,770006,21707,-,8009899,37773,29569,459703,50909,50884,540988,580987,370162,1909845,24747,839135,778567,1072650,96801,347648,794446,25088,-,8010151,37111,29691,475283,49295,47687,549647,594967,364592,1889286,25082,848318,769159,1077717,91467,361973,776413,22462,-
"제조업(10차)",인쇄매체,-,-,-,-,-,-,-,-,-,-,-,-,-,-,-,-,-,-,-,-,-,-,-,-,-,-,-,-,-,-,-,-,-,-,-,-,-,-,-,-,-,-,-,-,-,-,-,-,-,-,-,-,-,-,-,-,-,-,-,-,-,-,-,-,-,-,-,-,-,-,-,-,-,-,-,-,-,-,-,-,-,-,-,-,-,-,-,-,-,-,-,-,-,-,-,-,-,-,-,-,-,-,-,-,-,-,-,-,-,-,-,-,-,1588782,239939,28665,43007,68986,18651,13997,3635,347982,692775,2280,31025,48319,9727,1752,13285,23396,1361,-,1220919,226358,27196,39808,73916,16825,12652,3588,3795,684477,2136,32676,48881,9001,1867,14381,22102,1261,-,1187799,208348,26351,38487,70008,16579,12592,3155,3928,674797,1952,33505,50773,8125,1850,14231,21963,1156,-,1204470,204727,26082,38962,86836,18402,14821,3633,3866,673633,3678,34065,48617,8464,1916,13735,21711,1322,-,1185383,197759,24933,37325,89117,18773,16606,3190,3461,663157,6522,30243,48673,7538,1936,11861,22899,1391,-
"제조업(10차)",연탄석유,-,-,-,-,-,-,-,-,-,-,-,-,-,-,-,-,-,-,-,-,-,-,-,-,-,-,-,-,-,-,-,-,-,-,-,-,-,-,-,-,-,-,-,-,-,-,-,-,-,-,-,-,-,-,-,-,-,-,-,-,-,-,-,-,-,-,-,-,-,-,-,-,-,-,-,-,-,-,-,-,-,-,-,-,-,-,-,-,-,-,-,-,-,-,-,-,-,-,-,-,-,-,-,-,-,-,-,-,-,-,-,-,-,13064957,3941,4000,13183,979845,625,828,6208313,3690,33604,1592,26844,3806468,5429,1933012,31965,11585,33,-,13360369,3812,4174,13075,889837,569,713,6232440,502,34904,1461,25550,4276499,3788,1826804,35166,11024,51,-,12549563,3080,4830,12786,919199,609,652,6067386,687,39565,1332,15659,3685683,4521,1743493,39821,10213,47,-,13281372,3193,5515,13056,901502,624,618,6085161,317,41939,1257,15947,4368299,3757,1782675,46461,11009,41,-,14037594,3070,5904,12444,795734,741,571,5875330,397,37649,1173,15648,5248896,4247,1975568,49940,10247,35,-
"제조업(10차)",화학,-,-,-,-,-,-,-,-,-,-,-,-,-,-,-,-,-,-,-,-,-,-,-,-,-,-,-,-,-,-,-,-,-,-,-,-,-,-,-,-,-,-,-,-,-,-,-,-,-,-,-,-,-,-,-,-,-,-,-,-,-,-,-,-,-,-,-,-,-,-,-,-,-,-,-,-,-,-,-,-,-,-,-,-,-,-,-,-,-,-,-,-,-,-,-,-,-,-,-,-,-,-,-,-,-,-,-,-,-,-,-,-,-,40143338,63276,245598,192539,409414,60440,220849,9892795,603,4907469,95823,1444339,3332294,4015365,11625590,2856435,768344,12165,-,40187213,46089,260611,193313,360823,63030,218162,10655853,127246,5000468,99476,1555680,3411987,3828090,10696851,2895375,757103,17057,-,38342495,42680,267302,180967,346736,60415,215052,10260380,130641,5269538,94865,1676841,3692469,2212314,10473373,2651750,739376,27794,-,41256268,42368,274846,190597,366478,69093,227197,11015276,147510,5984298,92586,1786806,3907125,2048646,11517313,2775867,782246,28015,-,40984440,41500,265574,190558,371618,71690,225245,10727845,166838,6122299,90514,1825453,4005245,2108594,11187207,2843567,711849,28844,-
"제조업(10차)",의료의약,-,-,-,-,-,-,-,-,-,-,-,-,-,-,-,-,-,-,-,-,-,-,-,-,-,-,-,-,-,-,-,-,-,-,-,-,-,-,-,-,-,-,-,-,-,-,-,-,-,-,-,-,-,-,-,-,-,-,-,-,-,-,-,-,-,-,-,-,-,-,-,-,-,-,-,-,-,-,-,-,-,-,-,-,-,-,-,-,-,-,-,-,-,-,-,-,-,-,-,-,-,-,-,-,-,-,-,-,-,-,-,-,-,2318474,14243,14800,14218,232875,1883,52552,6561,122503,872489,67337,573841,232572,30787,37700,28735,8289,7089,-,2346937,14610,13340,14102,265720,2122,54823,5319,32401,895215,84908,600143,246250,31934,38734,31273,8767,7277,-,2498875,15864,13784,14514,304454,2296,52217,4293,37340,922722,96510,646073,255783,32418,44595,38244,9246,8521,-,2675767,16638,13010,15069,327460,2224,54673,4408,44001,956292,105609,717012,270490,34448,49401,46964,10192,7876,-,2957354,17328,14064,14559,383525,2277,65270,4733,51942,1010213,113429,839219,285679,40828,49450,47267,9830,7739,-
"제조업(10차)",플라스틱,-,-,-,-,-,-,-,-,-,-,-,-,-,-,-,-,-,-,-,-,-,-,-,-,-,-,-,-,-,-,-,-,-,-,-,-,-,-,-,-,-,-,-,-,-,-,-,-,-,-,-,-,-,-,-,-,-,-,-,-,-,-,-,-,-,-,-,-,-,-,-,-,-,-,-,-,-,-,-,-,-,-,-,-,-,-,-,-,-,-,-,-,-,-,-,-,-,-,-,-,-,-,-,-,-,-,-,-,-,-,-,-,-,8930323,52890,192415,212777,258067,295308,409450,270576,26284,2275432,75120,1059550,1110208,244327,364261,991809,1083329,8520,-,8883630,51419,190040,212119,258950,291395,407332,269768,131929,2211962,77459,1089906,1093885,240254,348267,926878,1074298,7767,-,8679049,49764,179985,203705,255463,286646,389169,303144,125710,2207364,82990,1101817,1061731,237358,346503,839925,1000673,7103,-,9473458,49867,193589,215194,276272,316139,374948,596678,127579,2308095,94009,1152168,1106867,250996,370081,939909,1094644,6423,-,9479984,45512,196728,213329,268803,323527,400368,591673,126702,2242761,94301,1163912,1136508,252128,371899,960157,1085717,5959,-
"제조업(10차)",비금속,-,-,-,-,-,-,-,-,-,-,-,-,-,-,-,-,-,-,-,-,-,-,-,-,-,-,-,-,-,-,-,-,-,-,-,-,-,-,-,-,-,-,-,-,-,-,-,-,-,-,-,-,-,-,-,-,-,-,-,-,-,-,-,-,-,-,-,-,-,-,-,-,-,-,-,-,-,-,-,-,-,-,-,-,-,-,-,-,-,-,-,-,-,-,-,-,-,-,-,-,-,-,-,-,-,-,-,-,-,-,-,-,-,11968296,27537,78419,71611,178129,20830,54516,190225,138097,1764592,3331991,2371206,870044,602894,571049,1251390,423189,22577,-,11746082,26219,76786,70419,172648,20245,55369,173212,365026,1711288,3120565,2305062,870664,622418,558793,1160181,414112,23074,-,11154137,24837,77925,67136,175010,21318,50819,163153,379777,1707192,2935972,2160268,841605,611691,543175,965358,405626,23275,-,11700452,24756,89499,76779,196273,22429,52177,175947,396789,1792694,3049750,2294049,893663,616046,567606,993358,432310,26329,-,11798098,22692,87314,77272,202620,22333,36894,171582,400851,1764804,3088865,2361003,887874,593438,555147,1052451,446254,26706,-
"제조업(10차)",1차금속,-,-,-,-,-,-,-,-,-,-,-,-,-,-,-,-,-,-,-,-,-,-,-,-,-,-,-,-,-,-,-,-,-,-,-,-,-,-,-,-,-,-,-,-,-,-,-,-,-,-,-,-,-,-,-,-,-,-,-,-,-,-,-,-,-,-,-,-,-,-,-,-,-,-,-,-,-,-,-,-,-,-,-,-,-,-,-,-,-,-,-,-,-,-,-,-,-,-,-,-,-,-,-,-,-,-,-,-,-,-,-,-,-,45050028,15035,2111434,302183,2163568,68473,53018,4978589,335901,1940416,1173045,467328,9900999,2199706,4964780,10600688,3773810,1055,-,41871358,14234,2063674,286415,2000466,58643,52651,4920483,28753,1885515,1011434,447627,9884531,1967003,4029625,9723628,3495573,1102,-,36342999,12718,1958849,271550,1879205,58784,48889,4988678,34870,1847768,952602,372026,8185862,1823963,2730658,7763869,3411173,1535,-,35043680,12425,2005157,280566,1985355,54321,48358,4100923,39712,1980014,944326,391285,4722811,2318215,3384074,9051156,3722344,2639,-,35043548,12209,1876308,284163,1961718,45593,49150,3905498,39146,1989370,1032633,397056,4760849,2359042,4134280,8559279,3634607,2647,-
"제조업(10차)",금속가공,-,-,-,-,-,-,-,-,-,-,-,-,-,-,-,-,-,-,-,-,-,-,-,-,-,-,-,-,-,-,-,-,-,-,-,-,-,-,-,-,-,-,-,-,-,-,-,-,-,-,-,-,-,-,-,-,-,-,-,-,-,-,-,-,-,-,-,-,-,-,-,-,-,-,-,-,-,-,-,-,-,-,-,-,-,-,-,-,-,-,-,-,-,-,-,-,-,-,-,-,-,-,-,-,-,-,-,-,-,-,-,-,-,9321599,64138,884912,670617,718225,157689,66741,203224,29547,2297298,36174,754751,571712,139290,125237,878955,1719918,3171,-,8952014,57512,839108,627781,669909,158222,62196,213581,11030,2190645,35216,770900,561375,134212,131436,851128,1634894,2868,-,8408635,50703,762541,572871,616181,151631,58462,201821,12054,2093731,33817,781119,531171,128748,134929,782637,1493431,2787,-,8764295,51333,786774,612020,624201,164353,57161,192940,12525,2158925,34831,805879,564207,133950,136578,806988,1618947,2683,-,8658993,49165,790408,610077,591609,152764,52245,203251,12602,2107355,36381,799053,564695,138321,135635,796904,1615639,2888,-
"제조업(10차)",전자통신,-,-,-,-,-,-,-,-,-,-,-,-,-,-,-,-,-,-,-,-,-,-,-,-,-,-,-,-,-,-,-,-,-,-,-,-,-,-,-,-,-,-,-,-,-,-,-,-,-,-,-,-,-,-,-,-,-,-,-,-,-,-,-,-,-,-,-,-,-,-,-,-,-,-,-,-,-,-,-,-,-,-,-,-,-,-,-,-,-,-,-,-,-,-,-,-,-,-,-,-,-,-,-,-,-,-,-,-,-,-,-,-,-,51461659,42528,97181,265271,1084208,713446,397256,36420,11172,27845595,50634,4394005,11483385,441868,47786,4037761,512385,758,-,51983260,40789,95452,256407,1033298,703265,235818,36442,193972,28222464,51188,4708481,11446346,435765,44788,3988449,489591,745,-,53310591,44816,96405,256179,1081011,739773,241084,35894,221384,29374462,50381,4908533,11303599,430232,46236,3971468,508042,1094,-,57788476,62799,102955,259983,1307722,816994,298833,35984,234153,33034901,58655,5191666,11086797,459813,55441,4149463,630793,1523,-,60192109,57524,102227,293622,1385964,799169,225366,37322,254929,35973675,63910,5269241,10552175,450531,55980,4026262,642572,1639,-
"제조업(10차)",의료광학,-,-,-,-,-,-,-,-,-,-,-,-,-,-,-,-,-,-,-,-,-,-,-,-,-,-,-,-,-,-,-,-,-,-,-,-,-,-,-,-,-,-,-,-,-,-,-,-,-,-,-,-,-,-,-,-,-,-,-,-,-,-,-,-,-,-,-,-,-,-,-,-,-,-,-,-,-,-,-,-,-,-,-,-,-,-,-,-,-,-,-,-,-,-,-,-,-,-,-,-,-,-,-,-,-,-,-,-,-,-,-,-,-,4505630,48778,62578,85152,2332994,28901,46243,15607,187059,530866,29300,70549,640962,23591,12998,186568,202786,698,-,4095046,46373,67464,78151,2188220,28650,48916,16708,2390,521073,31683,68106,582696,21197,12349,166857,213443,767,-,3843330,43400,65270,76337,1946059,27611,47254,16186,2243,533506,32685,72516,559275,23341,11653,163072,222131,793,-,4143844,43783,67875,90830,2021417,28650,47503,18490,2681,597352,37216,87311,631219,27410,12480,186291,242550,787,-,4089654,42209,74782,92253,1971475,30906,48213,20107,5186,610610,38626,97045,573036,29450,11340,195153,248431,829,-
"제조업(10차)",전기장비,-,-,-,-,-,-,-,-,-,-,-,-,-,-,-,-,-,-,-,-,-,-,-,-,-,-,-,-,-,-,-,-,-,-,-,-,-,-,-,-,-,-,-,-,-,-,-,-,-,-,-,-,-,-,-,-,-,-,-,-,-,-,-,-,-,-,-,-,-,-,-,-,-,-,-,-,-,-,-,-,-,-,-,-,-,-,-,-,-,-,-,-,-,-,-,-,-,-,-,-,-,-,-,-,-,-,-,-,-,-,-,-,-,6399447,17921,126435,188347,167524,229158,82983,437791,2596,998964,38751,1305022,752178,137756,221476,777546,914202,797,-,6727277,13650,122848,198476,160001,230700,80378,430024,28892,995409,36280,1388626,887434,143230,253068,815074,942278,909,-,6901744,16727,127845,199516,165455,223136,85885,492203,45450,1020526,37777,1378199,867279,145635,355641,841972,897706,794,-,7710495,19253,137952,297138,185469,233907,89024,570876,70821,1115707,37035,1477416,917515,158572,460652,980590,957698,871,-,8219224,20629,145180,345497,176560,214136,90056,596599,72778,1102856,36186,1611294,912884,147319,602365,1176768,966754,1363,-
"제조업(10차)",기타기계,-,-,-,-,-,-,-,-,-,-,-,-,-,-,-,-,-,-,-,-,-,-,-,-,-,-,-,-,-,-,-,-,-,-,-,-,-,-,-,-,-,-,-,-,-,-,-,-,-,-,-,-,-,-,-,-,-,-,-,-,-,-,-,-,-,-,-,-,-,-,-,-,-,-,-,-,-,-,-,-,-,-,-,-,-,-,-,-,-,-,-,-,-,-,-,-,-,-,-,-,-,-,-,-,-,-,-,-,-,-,-,-,-,10533930,156546,935135,523383,895130,190026,85915,175780,37473,3540973,35715,366722,642829,156975,66560,799725,1922912,2131,-,10326686,142327,936716,491993,862330,182843,86843,178923,29427,3495345,34186,379932,651928,154743,66374,792308,1838003,2465,-,10169452,133553,933894,455177,822802,183282,88756,178864,28610,3535883,32410,379705,685046,151138,63036,754325,1740942,2030,-,11131487,136043,985736,490896,893800,202561,94759,181995,32801,3927790,30084,444625,766500,164708,68093,821257,1887576,2263,-,11391011,130011,991814,502110,875680,186910,97276,188377,34540,4010473,31258,501182,846541,163723,69395,856409,1902953,2359,-
"제조업(10차)",자동차,-,-,-,-,-,-,-,-,-,-,-,-,-,-,-,-,-,-,-,-,-,-,-,-,-,-,-,-,-,-,-,-,-,-,-,-,-,-,-,-,-,-,-,-,-,-,-,-,-,-,-,-,-,-,-,-,-,-,-,-,-,-,-,-,-,-,-,-,-,-,-,-,-,-,-,-,-,-,-,-,-,-,-,-,-,-,-,-,-,-,-,-,-,-,-,-,-,-,-,-,-,-,-,-,-,-,-,-,-,-,-,-,-,17527419,19519,1116712,1380836,573057,493471,212103,2447150,26613,2863800,114363,617018,2281312,782177,67278,2369777,2161305,928,-,17451506,17894,1162766,1332336,511772,478451,198119,2412805,81725,2858075,119883,628096,2353690,756451,71325,2361677,2105460,980,-,16488546,16446,1087609,1178526,495891,441849,183515,2200235,75118,2713817,134128,641910,2339241,721023,66161,2217993,1974287,797,-,17983076,16930,1129922,1286734,502177,500347,190949,2265967,78725,2905822,173438,711643,2690227,796880,66655,2424074,2242292,292,-,18516600,17163,1141997,1344879,509997,511515,197990,2302894,80873,2966598,171311,740918,2851712,841566,74006,2495338,2267550,294,-
"제조업(10차)",기타운송,-,-,-,-,-,-,-,-,-,-,-,-,-,-,-,-,-,-,-,-,-,-,-,-,-,-,-,-,-,-,-,-,-,-,-,-,-,-,-,-,-,-,-,-,-,-,-,-,-,-,-,-,-,-,-,-,-,-,-,-,-,-,-,-,-,-,-,-,-,-,-,-,-,-,-,-,-,-,-,-,-,-,-,-,-,-,-,-,-,-,-,-,-,-,-,-,-,-,-,-,-,-,-,-,-,-,-,-,-,-,-,-,-,4162158,21947,234715,60781,52293,5050,6252,990599,81373,55336,105831,15149,26086,37095,530765,116795,1821600,491,-,4280604,22912,222375,48999,52053,5863,7549,1038995,35,60422,101204,11296,25671,36614,554036,117576,1974518,485,-,4169684,19093,205873,47081,60730,5575,8477,1016201,87,68697,64819,13708,28912,40528,589862,118542,1881060,439,-,4103124,19758,218617,48875,51922,6020,8038,1003006,136,80430,37589,15741,32899,39754,583010,134834,1822116,378,-,4225727,20411,213351,48155,54709,5202,9411,1036886,179,87955,37092,25916,35101,46823,592840,144343,1866980,375,-
"제조업(10차)",가구,-,-,-,-,-,-,-,-,-,-,-,-,-,-,-,-,-,-,-,-,-,-,-,-,-,-,-,-,-,-,-,-,-,-,-,-,-,-,-,-,-,-,-,-,-,-,-,-,-,-,-,-,-,-,-,-,-,-,-,-,-,-,-,-,-,-,-,-,-,-,-,-,-,-,-,-,-,-,-,-,-,-,-,-,-,-,-,-,-,-,-,-,-,-,-,-,-,-,-,-,-,-,-,-,-,-,-,-,-,-,-,-,-,679807,3909,9124,9750,125591,4935,3923,1588,416,408443,7101,42166,8513,3553,6196,22920,20513,1166,-,654745,3670,9498,9532,116247,5048,3728,1524,410,394441,6602,41915,8398,3791,6348,22060,20379,1152,-,672950,3444,9689,9723,108125,5052,3919,1476,394,417469,6479,42821,8648,4177,6970,22068,21334,1163,-,702199,3520,10187,15859,114586,5048,4032,1215,469,442026,6872,29410,9274,4523,7495,24383,22047,1252,-,699459,3232,8926,15526,115207,5285,4067,1839,563,441144,7699,25935,9859,6185,7868,23306,21545,1273,-
"제조업(10차)",기타제품,-,-,-,-,-,-,-,-,-,-,-,-,-,-,-,-,-,-,-,-,-,-,-,-,-,-,-,-,-,-,-,-,-,-,-,-,-,-,-,-,-,-,-,-,-,-,-,-,-,-,-,-,-,-,-,-,-,-,-,-,-,-,-,-,-,-,-,-,-,-,-,-,-,-,-,-,-,-,-,-,-,-,-,-,-,-,-,-,-,-,-,-,-,-,-,-,-,-,-,-,-,-,-,-,-,-,-,-,-,-,-,-,-,2239592,120804,37898,30967,232092,2958,18393,738,4493,1035102,8035,419826,61834,12070,5727,22484,225181,990,-,2449904,113672,34921,28745,292689,2409,17955,612,3895,1099100,8430,490093,77578,12133,6518,23512,236538,1105,-,2589300,105774,33203,29143,377956,2163,17447,655,4227,1113608,7434,528405,77402,12654,6411,23915,247649,1254,-,2780810,107280,36174,31556,414074,2155,18654,800,4548,1181054,7982,578663,76101,15024,6263,25115,273972,1397,-,2802802,103130,35418,31905,401582,2064,19730,864,4144,1209204,8947,592825,77816,16004,5921,25050,266779,1418,-
"제조업(10차)",산업기계,-,-,-,-,-,-,-,-,-,-,-,-,-,-,-,-,-,-,-,-,-,-,-,-,-,-,-,-,-,-,-,-,-,-,-,-,-,-,-,-,-,-,-,-,-,-,-,-,-,-,-,-,-,-,-,-,-,-,-,-,-,-,-,-,-,-,-,-,-,-,-,-,-,-,-,-,-,-,-,-,-,-,-,-,-,-,-,-,-,-,-,-,-,-,-,-,-,-,-,-,-,-,-,-,-,-,-,-,-,-,-,-,-,78846,1278,2580,1775,3044,1909,323,835,348,16101,3026,4937,5603,5656,13738,5703,10610,1380,-,76281,1124,2368,1732,3046,1879,277,858,300,15734,2877,4648,5774,5168,13150,5208,10851,1289,-,76149,1251,2654,1510,3384,1691,248,899,289,15146,2813,4532,5752,5178,13314,5199,11067,1223,-,79373,1343,2645,1555,3637,1739,322,950,327,16302,3012,5050,5933,5380,13625,5577,10717,1259,-,80369,1476,2722,1830,4037,1687,652,1058,305,15791,3071,5104,6106,5439,13228,6085,10469,1310,-
