계약종별 전력사용량 월별( 20240509 현재 ),,,,,,,
"시도 : 전체(시도), 시군구 : 전체(시 / 군 / 구)",,,,,,,
기간 : 2020년 01 월 ~ 2020년 06월,,,,,,,
년월,시구,시군구,계약구분,고객호수(호),사용량(kWh),전기요금(원),평균판매단가(원/kWh)
202001,전체(시도),전체(시 / 군 / 구),주택용,"15,484,923 ","6,459,786,051 ","725,764,040,360 ",112.4 
202001,전체(시도),전체(시 / 군 / 구),일반용,"3,238,438 ","10,974,675,167 ","1,452,001,373,870 ",132.3 
202001,전체(시도),전체(시 / 군 / 구),교육용,"21,063 ","871,012,691 ","88,456,117,531 ",101.6 
202001,전체(시도),전체(시 / 군 / 구),산업용,"425,204 ","24,144,130,063 ","2,744,381,488,565 ",113.7 
202001,전체(시도),전체(시 / 군 / 구),농사용,"1,821,515 ","1,839,714,634 ","88,549,176,409 ",48.1 
202001,전체(시도),전체(시 / 군 / 구),가로등,"2,016,030 ","335,244,746 ","35,867,225,276 ",107.0 
202001,전체(시도),전체(시 / 군 / 구),심 야,"774,265 ","1,671,464,277 ","125,523,728,704 ",75.1 
202002,전체(시도),전체(시 / 군 / 구),주택용,"15,493,641 ","6,467,416,651 ","727,867,991,496 ",112.5 
202002,전체(시도),전체(시 / 군 / 구),일반용,"3,242,360 ","10,483,941,198 ","1,406,934,709,246 ",134.2 
202002,전체(시도),전체(시 / 군 / 구),교육용,"21,083 ","743,232,724 ","79,142,574,829 ",106.5 
202002,전체(시도),전체(시 / 군 / 구),산업용,"425,408 ","22,974,888,459 ","2,680,478,630,057 ",116.7 
202002,전체(시도),전체(시 / 군 / 구),농사용,"1,821,750 ","1,836,799,457 ","88,495,419,895 ",48.2 
202002,전체(시도),전체(시 / 군 / 구),가로등,"2,023,824 ","320,476,384 ","35,545,082,875 ",110.9 
202002,전체(시도),전체(시 / 군 / 구),심 야,"772,048 ","1,641,601,124 ","123,217,118,118 ",75.1 
202003,전체(시도),전체(시 / 군 / 구),주택용,"15,505,867 ","6,048,275,516 ","649,622,563,954 ",107.4 
202003,전체(시도),전체(시 / 군 / 구),일반용,"3,244,322 ","9,110,162,207 ","1,144,876,706,687 ",125.7 
202003,전체(시도),전체(시 / 군 / 구),교육용,"21,083 ","596,244,274 ","61,177,566,757 ",102.6 
202003,전체(시도),전체(시 / 군 / 구),산업용,"425,657 ","23,816,811,865 ","2,280,686,000,334 ",95.8 
202003,전체(시도),전체(시 / 군 / 구),농사용,"2,374,916 ","1,641,070,204 ","79,682,112,977 ",48.6 
202003,전체(시도),전체(시 / 군 / 구),가로등,"2,028,176 ","299,519,915 ","33,803,910,946 ",112.9 
202003,전체(시도),전체(시 / 군 / 구),심 야,"770,120 ","1,331,111,585 ","88,854,988,606 ",66.8 
202004,전체(시도),전체(시 / 군 / 구),주택용,"15,519,255 ","6,098,775,450 ","662,864,220,308 ",108.7 
202004,전체(시도),전체(시 / 군 / 구),일반용,"3,244,672 ","8,356,835,392 ","981,477,074,589 ",117.4 
202004,전체(시도),전체(시 / 군 / 구),교육용,"21,047 ","489,468,236 ","46,467,440,987 ",94.9 
202004,전체(시도),전체(시 / 군 / 구),산업용,"426,046 ","22,623,757,004 ","2,124,280,925,386 ",93.9 
202004,전체(시도),전체(시 / 군 / 구),농사용,"1,913,668 ","1,524,378,893 ","74,969,049,329 ",49.2 
202004,전체(시도),전체(시 / 군 / 구),가로등,"2,054,312 ","292,387,982 ","34,132,553,486 ",116.7 
202004,전체(시도),전체(시 / 군 / 구),심 야,"768,080 ","1,063,737,391 ","58,337,375,770 ",54.8 
202005,전체(시도),전체(시 / 군 / 구),주택용,"15,524,386 ","5,724,593,361 ","595,223,338,995 ",104.0 
202005,전체(시도),전체(시 / 군 / 구),일반용,"3,243,951 ","8,062,026,211 ","960,022,206,539 ",119.1 
202005,전체(시도),전체(시 / 군 / 구),교육용,"21,024 ","431,026,053 ","42,494,096,415 ",98.6 
202005,전체(시도),전체(시 / 군 / 구),산업용,"426,426 ","21,738,251,888 ","2,044,085,667,835 ",94.0 
202005,전체(시도),전체(시 / 군 / 구),농사용,"1,850,128 ","1,331,298,812 ","64,968,600,781 ",48.8 
202005,전체(시도),전체(시 / 군 / 구),가로등,"2,056,295 ","270,778,685 ","32,636,749,849 ",120.5 
202005,전체(시도),전체(시 / 군 / 구),심 야,"765,482 ","746,745,698 ","41,772,881,811 ",55.9 
202006,전체(시도),전체(시 / 군 / 구),주택용,"15,535,731 ","5,928,622,419 ","630,650,295,618 ",106.4 
202006,전체(시도),전체(시 / 군 / 구),일반용,"3,247,707 ","9,066,323,855 ","1,230,303,150,113 ",135.7 
202006,전체(시도),전체(시 / 군 / 구),교육용,"21,019 ","532,351,209 ","63,757,351,198 ",119.8 
202006,전체(시도),전체(시 / 군 / 구),산업용,"426,929 ","22,092,908,456 ","2,605,666,545,588 ",117.9 
202006,전체(시도),전체(시 / 군 / 구),농사용,"1,860,061 ","1,375,901,442 ","67,845,391,932 ",49.3 
202006,전체(시도),전체(시 / 군 / 구),가로등,"2,069,573 ","258,993,155 ","32,214,254,870 ",124.4 
202006,전체(시도),전체(시 / 군 / 구),심 야,"763,336 ","474,464,445 ","28,023,232,381 ",59.1 
합계,합계,합계,합계,"143,710,821","252,091,205,229","27,163,120,931,272",107.8
,,,,,,,
년월,시구,시군구,계약구분,고객호수(호),사용량(kWh),전기요금(원),평균판매단가(원/kWh)
202001,강원특별자치도,전체,가로등,"120,864 ","17,497,377 ","1,917,442,995 ",109.6 
202001,강원특별자치도,전체,교육용,"1,064 ","37,699,308 ","3,756,668,627 ",99.6 
202001,강원특별자치도,전체,농사용,"109,485 ","58,349,215 ","2,941,753,777 ",50.4 
202001,강원특별자치도,전체,산업용,"13,961 ","527,777,697 ","57,274,517,769 ",108.5 
202001,강원특별자치도,전체,심 야,"89,069 ","228,933,470 ","17,125,515,331 ",74.8 
202001,강원특별자치도,전체,일반용,"148,976 ","475,027,529 ","61,349,926,256 ",129.2 
202001,강원특별자치도,전체,주택용,"607,740 ","202,125,888 ","22,741,596,213 ",112.5 
202001,강원특별자치도,전체,합계,"1,091,159 ","1,547,410,484 ","167,107,420,968 ",108 
202001,경기도,전체,가로등,"360,639 ","81,581,581 ","8,894,548,241 ",109 
202001,경기도,전체,교육용,"4,533 ","180,736,780 ","18,160,730,928 ",100.5 
202001,경기도,전체,농사용,"229,684 ","266,625,103 ","12,733,661,417 ",47.8 
202001,경기도,전체,산업용,"130,509 ","5,835,731,295 ","678,636,111,492 ",116.3 
202001,경기도,전체,심 야,"140,248 ","393,328,564 ","29,670,428,574 ",75.4 
202001,경기도,전체,일반용,"693,951 ","2,853,979,349 ","371,476,699,440 ",130.2 
202001,경기도,전체,주택용,"3,001,886 ","1,666,357,785 ","190,106,725,872 ",114.1 
202001,경기도,전체,합계,"4,561,450 ","11,278,340,457 ","1,309,678,905,964 ",116.1 
202001,경상남도,전체,가로등,"179,166 ","26,312,895 ","2,840,725,425 ",108 
202001,경상남도,전체,교육용,"1,670 ","40,260,154 ","4,526,079,799 ",112.4 
202001,경상남도,전체,농사용,"212,511 ","339,086,067 ","16,021,271,733 ",47.2 
202001,경상남도,전체,산업용,"38,563 ","1,606,481,771 ","199,067,196,751 ",123.9 
202001,경상남도,전체,심 야,"84,600 ","123,789,349 ","9,317,470,759 ",75.3 
202001,경상남도,전체,일반용,"224,057 ","615,266,426 ","82,702,792,143 ",134.4 
202001,경상남도,전체,주택용,"1,173,896 ","417,735,012 ","46,723,317,002 ",111.8 
202001,경상남도,전체,합계,"1,914,463 ","3,168,931,674 ","361,198,853,612 ",114 
202001,경상북도,전체,가로등,"200,381 ","28,243,105 ","2,999,417,368 ",106.2 
202001,경상북도,전체,교육용,"1,476 ","60,297,742 ","6,095,583,033 ",101.1 
202001,경상북도,전체,농사용,"345,117 ","186,221,544 ","9,180,094,346 ",49.3 
202001,경상북도,전체,산업용,"32,397 ","2,436,016,257 ","272,188,173,642 ",111.7 
202001,경상북도,전체,심 야,"73,074 ","158,167,491 ","11,823,730,888 ",74.8 
202001,경상북도,전체,일반용,"216,391 ","534,752,487 ","70,917,631,497 ",132.6 
202001,경상북도,전체,주택용,"1,148,023 ","325,763,431 ","35,800,191,257 ",109.9 
202001,경상북도,전체,합계,"2,016,859 ","3,729,462,057 ","409,004,822,031 ",109.7 
202001,광주광역시,전체,가로등,"47,028 ","8,102,224 ","851,765,446 ",105.1 
202001,광주광역시,전체,교육용,631 ,"29,304,976 ","2,991,242,848 ",102.1 
202001,광주광역시,전체,농사용,"11,631 ","10,033,014 ","479,982,293 ",47.8 
202001,광주광역시,전체,산업용,"6,358 ","242,265,471 ","30,503,847,526 ",125.9 
202001,광주광역시,전체,심 야,"6,066 ","13,428,036 ","998,652,158 ",74.4 
202001,광주광역시,전체,일반용,"92,848 ","269,323,437 ","35,655,232,276 ",132.4 
202001,광주광역시,전체,주택용,"386,674 ","184,074,539 ","19,964,265,982 ",108.5 
202001,광주광역시,전체,합계,"551,236 ","756,531,697 ","91,444,988,529 ",120.9 
202001,대구광역시,전체,가로등,"62,131 ","12,520,009 ","1,320,997,475 ",105.5 
202001,대구광역시,전체,교육용,832 ,"33,556,739 ","3,539,610,725 ",105.5 
202001,대구광역시,전체,농사용,"14,774 ","7,753,786 ","393,090,157 ",50.7 
202001,대구광역시,전체,산업용,"20,567 ","545,783,132 ","66,411,348,536 ",121.7 
202001,대구광역시,전체,심 야,"17,635 ","29,338,376 ","2,208,864,376 ",75.3 
202001,대구광역시,전체,일반용,"154,389 ","434,031,466 ","57,640,744,230 ",132.8 
202001,대구광역시,전체,주택용,"662,235 ","298,843,007 ","32,375,237,701 ",108.3 
202001,대구광역시,전체,합계,"932,563 ","1,361,826,515 ","163,889,893,200 ",120.3 
202001,대전광역시,전체,가로등,"37,753 ","7,952,071 ","852,327,763 ",107.2 
202001,대전광역시,전체,교육용,617 ,"39,868,933 ","3,884,376,861 ",97.4 
202001,대전광역시,전체,농사용,"7,527 ","3,579,482 ","182,169,382 ",50.9 
202001,대전광역시,전체,산업용,"5,634 ","267,330,745 ","31,601,325,806 ",118.2 
202001,대전광역시,전체,심 야,"15,560 ","27,913,634 ","2,093,364,510 ",75 
202001,대전광역시,전체,일반용,"80,981 ","328,451,966 ","42,978,345,324 ",130.9 
202001,대전광역시,전체,주택용,"441,344 ","178,032,183 ","18,777,213,363 ",105.5 
202001,대전광역시,전체,합계,"589,416 ","853,129,014 ","100,369,123,009 ",117.6 
202001,부산광역시,전체,가로등,"85,965 ","16,720,596 ","1,772,246,018 ",106 
202001,부산광역시,전체,교육용,"1,166 ","41,640,286 ","4,511,943,330 ",108.4 
202001,부산광역시,전체,농사용,"11,614 ","11,821,145 ","583,981,155 ",49.4 
202001,부산광역시,전체,산업용,"24,955 ","719,582,496 ","89,317,169,959 ",124.1 
202001,부산광역시,전체,심 야,"19,704 ","34,717,362 ","2,637,552,686 ",76 
202001,부산광역시,전체,일반용,"188,631 ","583,646,000 ","79,186,893,104 ",135.7 
202001,부산광역시,전체,주택용,"954,832 ","424,301,812 ","47,378,513,927 ",111.7 
202001,부산광역시,전체,합계,"1,286,867 ","1,832,429,697 ","225,388,300,179 ",123 
202001,서울특별시,전체,가로등,"195,527 ","30,116,131 ","3,159,249,606 ",104.9 
202001,서울특별시,전체,교육용,"2,660 ","175,613,436 ","17,363,063,627 ",98.9 
202001,서울특별시,전체,농사용,"1,870 ","1,677,657 ","82,072,409 ",48.9 
202001,서울특별시,전체,산업용,"44,469 ","443,088,628 ","55,069,480,890 ",124.3 
202001,서울특별시,전체,심 야,"14,065 ","24,247,267 ","2,040,575,743 ",84.2 
202001,서울특별시,전체,일반용,"546,920 ","2,320,438,590 ","308,657,703,162 ",133 
202001,서울특별시,전체,주택용,"2,845,641 ","1,201,844,525 ","136,276,682,233 ",113.4 
202001,서울특별시,전체,합계,"3,651,152 ","4,197,026,234 ","522,648,827,670 ",124.5 
202001,세종특별자치시,전체,가로등,"13,324 ","3,129,936 ","340,880,936 ",108.9 
202001,세종특별자치시,전체,교육용,140 ,"8,874,322 ","832,505,433 ",93.8 
202001,세종특별자치시,전체,농사용,"9,511 ","7,606,515 ","369,065,631 ",48.5 
202001,세종특별자치시,전체,산업용,"1,636 ","144,489,183 ","16,727,288,812 ",115.8 
202001,세종특별자치시,전체,심 야,"7,348 ","12,330,004 ","924,775,972 ",75 
202001,세종특별자치시,전체,일반용,"13,419 ","66,137,414 ","9,042,445,322 ",136.7 
202001,세종특별자치시,전체,주택용,"53,325 ","46,277,219 ","5,079,710,624 ",109.8 
202001,세종특별자치시,전체,합계,"98,703 ","288,844,593 ","33,316,672,730 ",115.3 
202001,울산광역시,전체,가로등,"36,492 ","7,001,362 ","746,317,360 ",106.6 
202001,울산광역시,전체,교육용,425 ,"17,717,252 ","1,845,120,737 ",104.1 
202001,울산광역시,전체,농사용,"15,017 ","7,679,989 ","395,001,050 ",51.4 
202001,울산광역시,전체,산업용,"6,553 ","2,538,733,145 ","260,185,116,797 ",102.5 
202001,울산광역시,전체,심 야,"6,360 ","14,268,048 ","1,065,734,348 ",74.7 
202001,울산광역시,전체,일반용,"72,430 ","188,579,096 ","25,826,014,932 ",137 
202001,울산광역시,전체,주택용,"331,211 ","139,858,162 ","15,582,222,306 ",111.4 
202001,울산광역시,전체,합계,"468,488 ","2,913,837,054 ","305,645,527,530 ",104.9 
202001,인천광역시,전체,가로등,"69,630 ","16,138,786 ","1,754,019,365 ",108.7 
202001,인천광역시,전체,교육용,993 ,"34,697,091 ","3,602,983,871 ",103.8 
202001,인천광역시,전체,농사용,"25,374 ","11,366,459 ","588,949,880 ",51.8 
202001,인천광역시,전체,산업용,"19,529 ","1,062,624,251 ","126,259,310,544 ",118.8 
202001,인천광역시,전체,심 야,"15,017 ","33,877,907 ","2,599,699,888 ",76.7 
202001,인천광역시,전체,일반용,"139,180 ","576,079,537 ","76,194,045,962 ",132.3 
202001,인천광역시,전체,주택용,"752,788 ","373,249,361 ","42,342,528,989 ",113.4 
202001,인천광역시,전체,합계,"1,022,511 ","2,108,033,392 ","253,341,538,499 ",120.2 
202001,전라남도,전체,가로등,"170,922 ","21,784,627 ","2,322,346,891 ",106.6 
202001,전라남도,전체,교육용,"1,327 ","31,680,739 ","3,350,735,365 ",105.8 
202001,전라남도,전체,농사용,"290,514 ","334,021,077 ","16,006,436,658 ",47.9 
202001,전라남도,전체,산업용,"21,046 ","1,713,786,181 ","183,824,604,792 ",107.3 
202001,전라남도,전체,심 야,"43,144 ","77,970,231 ","5,842,780,050 ",74.9 
202001,전라남도,전체,일반용,"152,373 ","371,275,596 ","49,457,666,620 ",133.2 
202001,전라남도,전체,주택용,"753,395 ","222,953,939 ","25,312,966,342 ",113.5 
202001,전라남도,전체,합계,"1,432,721 ","2,773,472,390 ","286,117,536,718 ",103.2 
202001,전라북도,전체,가로등,"143,711 ","19,152,559 ","1,994,228,604 ",104.1 
202001,전라북도,전체,교육용,"1,246 ","37,587,709 ","3,895,989,484 ",103.7 
202001,전라북도,전체,농사용,"154,162 ","157,404,672 ","7,631,486,097 ",48.5 
202001,전라북도,전체,산업용,"15,656 ","1,107,130,834 ","122,532,481,540 ",110.7 
202001,전라북도,전체,심 야,"60,665 ","116,679,675 ","8,622,025,511 ",73.9 
202001,전라북도,전체,일반용,"142,093 ","361,499,118 ","48,262,553,963 ",133.5 
202001,전라북도,전체,주택용,"666,061 ","223,237,706 ","24,812,166,067 ",111.1 
202001,전라북도,전체,합계,"1,183,594 ","2,022,692,273 ","217,750,931,266 ",107.7 
202001,제주특별자치도,전체,가로등,"30,483 ","5,428,423 ","552,083,229 ",101.7 
202001,제주특별자치도,전체,교육용,357 ,"12,536,855 ","1,348,025,696 ",107.5 
202001,제주특별자치도,전체,농사용,"47,128 ","139,937,552 ","6,559,620,537 ",46.9 
202001,제주특별자치도,전체,산업용,"3,693 ","51,080,260 ","6,608,662,397 ",129.4 
202001,제주특별자치도,전체,심 야,"6,731 ","13,524,100 ","1,007,456,475 ",74.5 
202001,제주특별자치도,전체,일반용,"78,738 ","187,772,629 ","25,222,930,954 ",134.3 
202001,제주특별자치도,전체,주택용,"296,481 ","80,839,745 ","9,603,239,521 ",118.8 
202001,제주특별자치도,전체,합계,"463,611 ","491,119,564 ","50,902,018,809 ",103.6 
202001,충청남도,전체,가로등,"156,632 ","16,450,093 ","1,745,759,899 ",106.1 
202001,충청남도,전체,교육용,"1,138 ","51,945,715 ","5,157,783,957 ",99.3 
202001,충청남도,전체,농사용,"199,217 ","215,196,086 ","10,361,972,778 ",48.2 
202001,충청남도,전체,산업용,"22,187 ","3,370,282,331 ","374,446,648,243 ",111.1 
202001,충청남도,전체,심 야,"87,636 ","190,977,345 ","14,358,293,456 ",75.2 
202001,충청남도,전체,일반용,"168,745 ","457,580,737 ","60,872,302,600 ",133 
202001,충청남도,전체,주택용,"790,688 ","269,372,772 ","29,878,033,178 ",110.9 
202001,충청남도,전체,합계,"1,426,243 ","4,571,805,079 ","496,820,794,111 ",108.7 
202001,충청북도,전체,가로등,"105,382 ","17,112,971 ","1,802,868,655 ",105.4 
202001,충청북도,전체,교육용,788 ,"36,994,654 ","3,593,673,210 ",97.1 
202001,충청북도,전체,농사용,"136,379 ","81,355,271 ","4,038,567,109 ",49.6 
202001,충청북도,전체,산업용,"17,491 ","1,531,946,386 ","173,728,203,069 ",113.4 
202001,충청북도,전체,심 야,"87,343 ","177,973,418 ","13,186,807,979 ",74.1 
202001,충청북도,전체,일반용,"124,316 ","350,833,790 ","46,557,446,085 ",132.7 
202001,충청북도,전체,주택용,"618,703 ","204,918,965 ","23,009,429,783 ",112.3 
202001,충청북도,전체,합계,"1,090,402 ","2,401,135,455 ","265,916,995,890 ",110.7 
202002,강원특별자치도,전체,가로등,"121,155 ","17,021,511 ","1,919,156,889 ",112.7 
202002,강원특별자치도,전체,교육용,"1,062 ","30,752,060 ","3,176,077,257 ",103.3 
202002,강원특별자치도,전체,농사용,"109,576 ","58,516,488 ","2,945,166,877 ",50.3 
202002,강원특별자치도,전체,산업용,"13,985 ","518,979,686 ","58,114,908,403 ",112 
202002,강원특별자치도,전체,심 야,"88,882 ","224,560,652 ","16,791,658,232 ",74.8 
202002,강원특별자치도,전체,일반용,"149,286 ","448,820,502 ","59,039,552,961 ",131.5 
202002,강원특별자치도,전체,주택용,"608,329 ","203,003,988 ","22,969,549,584 ",113.1 
202002,강원특별자치도,전체,합계,"1,092,275 ","1,501,654,887 ","164,956,070,203 ",109.8 
202002,경기도,전체,가로등,"361,548 ","78,052,425 ","8,774,446,316 ",112.4 
202002,경기도,전체,교육용,"4,542 ","140,253,981 ","14,886,107,201 ",106.1 
202002,경기도,전체,농사용,"229,762 ","258,885,965 ","12,499,250,663 ",48.3 
202002,경기도,전체,산업용,"130,670 ","5,612,989,701 ","666,551,503,440 ",118.8 
202002,경기도,전체,심 야,"139,759 ","380,849,572 ","28,725,480,211 ",75.4 
202002,경기도,전체,일반용,"694,981 ","2,722,400,260 ","359,915,131,071 ",132.2 
202002,경기도,전체,주택용,"3,003,994 ","1,660,393,685 ","189,135,197,774 ",113.9 
202002,경기도,전체,합계,"4,565,256 ","10,853,825,589 ","1,280,487,116,676 ",118 
202002,경상남도,전체,가로등,"180,856 ","25,022,279 ","2,807,363,282 ",112.2 
202002,경상남도,전체,교육용,"1,680 ","36,437,223 ","4,240,036,391 ",116.4 
202002,경상남도,전체,농사용,"212,703 ","322,878,694 ","15,333,072,013 ",47.5 
202002,경상남도,전체,산업용,"38,535 ","1,605,261,294 ","199,273,242,031 ",124.1 
202002,경상남도,전체,심 야,"84,377 ","123,441,354 ","9,278,808,281 ",75.2 
202002,경상남도,전체,일반용,"224,147 ","592,359,730 ","80,448,084,194 ",135.8 
202002,경상남도,전체,주택용,"1,174,158 ","420,432,879 ","47,225,436,838 ",112.3 
202002,경상남도,전체,합계,"1,916,456 ","3,125,833,453 ","358,606,043,030 ",114.7 
202002,경상북도,전체,가로등,"203,347 ","27,073,884 ","3,003,612,471 ",110.9 
202002,경상북도,전체,교육용,"1,474 ","52,103,884 ","5,571,504,175 ",106.9 
202002,경상북도,전체,농사용,"344,736 ","181,228,608 ","8,972,330,151 ",49.5 
202002,경상북도,전체,산업용,"32,400 ","2,278,380,002 ","261,681,007,181 ",114.9 
202002,경상북도,전체,심 야,"72,856 ","155,984,601 ","11,656,220,533 ",74.7 
202002,경상북도,전체,일반용,"216,628 ","510,138,885 ","68,499,314,744 ",134.3 
202002,경상북도,전체,주택용,"1,148,382 ","327,899,907 ","36,153,246,681 ",110.3 
202002,경상북도,전체,합계,"2,019,823 ","3,532,809,771 ","395,537,235,936 ",112 
202002,광주광역시,전체,가로등,"47,172 ","7,797,033 ","843,362,345 ",108.2 
202002,광주광역시,전체,교육용,630 ,"23,584,697 ","2,519,120,965 ",106.8 
202002,광주광역시,전체,농사용,"11,652 ","9,553,616 ","459,055,855 ",48.1 
202002,광주광역시,전체,산업용,"6,361 ","239,037,470 ","30,336,436,185 ",126.9 
202002,광주광역시,전체,심 야,"6,050 ","13,079,678 ","961,921,816 ",73.5 
202002,광주광역시,전체,일반용,"92,899 ","261,335,111 ","34,913,762,881 ",133.6 
202002,광주광역시,전체,주택용,"386,926 ","185,680,622 ","20,266,087,925 ",109.1 
202002,광주광역시,전체,합계,"551,690 ","740,068,227 ","90,299,747,972 ",122 
202002,대구광역시,전체,가로등,"62,107 ","11,969,019 ","1,296,905,449 ",108.4 
202002,대구광역시,전체,교육용,828 ,"29,446,918 ","3,203,644,003 ",108.8 
202002,대구광역시,전체,농사용,"14,776 ","7,663,053 ","389,731,908 ",50.9 
202002,대구광역시,전체,산업용,"20,551 ","524,489,307 ","64,572,414,830 ",123.1 
202002,대구광역시,전체,심 야,"17,564 ","28,936,755 ","2,176,632,713 ",75.2 
202002,대구광역시,전체,일반용,"154,467 ","411,768,393 ","55,484,097,562 ",134.7 
202002,대구광역시,전체,주택용,"661,733 ","300,294,144 ","32,684,807,599 ",108.8 
202002,대구광역시,전체,합계,"932,026 ","1,314,567,589 ","159,808,234,064 ",121.6 
202002,대전광역시,전체,가로등,"37,732 ","7,561,971 ","831,280,682 ",109.9 
202002,대전광역시,전체,교육용,617 ,"35,610,260 ","3,603,300,399 ",101.2 
202002,대전광역시,전체,농사용,"7,534 ","3,359,983 ","172,552,610 ",51.4 
202002,대전광역시,전체,산업용,"5,636 ","262,679,205 ","31,385,495,956 ",119.5 
202002,대전광역시,전체,심 야,"15,503 ","27,297,464 ","2,045,980,149 ",75 
202002,대전광역시,전체,일반용,"81,240 ","315,230,133 ","41,765,660,052 ",132.5 
202002,대전광역시,전체,주택용,"441,407 ","179,100,173 ","19,004,593,033 ",106.1 
202002,대전광역시,전체,합계,"589,669 ","830,839,189 ","98,808,862,881 ",118.9 
202002,부산광역시,전체,가로등,"85,864 ","16,350,802 ","1,778,287,348 ",108.8 
202002,부산광역시,전체,교육용,"1,165 ","39,167,653 ","4,358,899,082 ",111.3 
202002,부산광역시,전체,농사용,"11,626 ","11,335,643 ","562,757,605 ",49.6 
202002,부산광역시,전체,산업용,"24,931 ","691,135,077 ","87,763,899,493 ",127 
202002,부산광역시,전체,심 야,"19,624 ","34,481,945 ","2,617,266,710 ",75.9 
202002,부산광역시,전체,일반용,"188,776 ","561,514,150 ","77,300,130,438 ",137.7 
202002,부산광역시,전체,주택용,"954,418 ","428,231,976 ","48,077,251,133 ",112.3 
202002,부산광역시,전체,합계,"1,286,404 ","1,782,217,246 ","222,458,491,809 ",124.8 
202002,서울특별시,전체,가로등,"195,303 ","28,476,959 ","3,095,962,713 ",108.7 
202002,서울특별시,전체,교육용,"2,666 ","160,839,508 ","16,487,932,156 ",102.5 
202002,서울특별시,전체,농사용,"1,871 ","1,645,446 ","80,754,693 ",49.1 
202002,서울특별시,전체,산업용,"44,404 ","425,951,158 ","53,479,468,862 ",125.6 
202002,서울특별시,전체,심 야,"13,969 ","23,527,460 ","1,971,095,079 ",83.8 
202002,서울특별시,전체,일반용,"547,138 ","2,204,151,513 ","298,400,499,419 ",135.4 
202002,서울특별시,전체,주택용,"2,848,664 ","1,192,800,171 ","134,841,545,523 ",113 
202002,서울특별시,전체,합계,"3,654,015 ","4,037,392,215 ","508,357,258,445 ",125.9 
202002,세종특별자치시,전체,가로등,"13,354 ","3,016,862 ","337,627,266 ",111.9 
202002,세종특별자치시,전체,교육용,141 ,"6,781,152 ","701,781,067 ",103.5 
202002,세종특별자치시,전체,농사용,"9,515 ","7,506,138 ","364,914,540 ",48.6 
202002,세종특별자치시,전체,산업용,"1,632 ","144,025,757 ","17,974,224,679 ",124.8 
202002,세종특별자치시,전체,심 야,"7,324 ","11,977,089 ","898,146,544 ",75 
202002,세종특별자치시,전체,일반용,"13,425 ","63,368,185 ","8,814,110,708 ",139.1 
202002,세종특별자치시,전체,주택용,"53,286 ","46,599,774 ","5,159,685,189 ",110.7 
202002,세종특별자치시,전체,합계,"98,677 ","283,274,957 ","34,250,489,993 ",120.9 
202002,울산광역시,전체,가로등,"36,597 ","6,646,134 ","738,373,242 ",111.1 
202002,울산광역시,전체,교육용,426 ,"16,158,429 ","1,747,278,748 ",108.1 
202002,울산광역시,전체,농사용,"15,032 ","7,737,925 ","397,534,754 ",51.4 
202002,울산광역시,전체,산업용,"6,533 ","2,337,968,078 ","250,144,796,000 ",107 
202002,울산광역시,전체,심 야,"6,340 ","14,355,237 ","1,069,891,444 ",74.5 
202002,울산광역시,전체,일반용,"72,494 ","182,928,722 ","25,310,623,590 ",138.4 
202002,울산광역시,전체,주택용,"331,316 ","141,640,427 ","15,882,637,981 ",112.1 
202002,울산광역시,전체,합계,"468,738 ","2,707,434,952 ","295,291,135,759 ",109.1 
202002,인천광역시,전체,가로등,"69,927 ","15,474,923 ","1,721,316,444 ",111.2 
202002,인천광역시,전체,교육용,991 ,"31,592,235 ","3,464,551,878 ",109.7 
202002,인천광역시,전체,농사용,"25,385 ","11,229,172 ","580,471,034 ",51.7 
202002,인천광역시,전체,산업용,"19,562 ","1,052,733,653 ","126,217,161,060 ",119.9 
202002,인천광역시,전체,심 야,"14,962 ","33,229,357 ","2,547,040,597 ",76.7 
202002,인천광역시,전체,일반용,"139,205 ","546,250,490 ","72,881,092,857 ",133.4 
202002,인천광역시,전체,주택용,"752,936 ","371,824,070 ","42,104,742,134 ",113.2 
202002,인천광역시,전체,합계,"1,022,968 ","2,062,333,900 ","249,516,376,004 ",121 
202002,전라남도,전체,가로등,"171,373 ","20,857,934 ","2,325,028,643 ",111.5 
202002,전라남도,전체,교육용,"1,327 ","25,221,768 ","2,890,901,072 ",114.6 
202002,전라남도,전체,농사용,"290,661 ","351,144,827 ","16,733,703,847 ",47.7 
202002,전라남도,전체,산업용,"21,104 ","1,553,247,572 ","176,442,287,869 ",113.6 
202002,전라남도,전체,심 야,"43,011 ","79,401,439 ","5,944,001,159 ",74.9 
202002,전라남도,전체,일반용,"152,679 ","363,300,642 ","48,743,549,812 ",134.2 
202002,전라남도,전체,주택용,"753,863 ","225,883,905 ","25,799,150,776 ",114.2 
202002,전라남도,전체,합계,"1,434,018 ","2,619,058,087 ","278,878,623,178 ",106.5 
202002,전라북도,전체,가로등,"144,004 ","18,145,394 ","1,987,028,134 ",109.5 
202002,전라북도,전체,교육용,"1,246 ","33,941,441 ","3,688,034,810 ",108.7 
202002,전라북도,전체,농사용,"154,046 ","156,111,161 ","7,573,591,946 ",48.5 
202002,전라북도,전체,산업용,"15,646 ","1,001,199,371 ","114,656,938,738 ",114.5 
202002,전라북도,전체,심 야,"60,513 ","117,931,123 ","8,727,093,413 ",74 
202002,전라북도,전체,일반용,"142,293 ","349,254,413 ","47,073,934,799 ",134.8 
202002,전라북도,전체,주택용,"666,812 ","226,650,895 ","25,464,548,992 ",112.4 
202002,전라북도,전체,합계,"1,184,560 ","1,903,233,798 ","209,171,170,832 ",109.9 
202002,제주특별자치도,전체,가로등,"30,559 ","4,970,277 ","544,557,169 ",109.6 
202002,제주특별자치도,전체,교육용,356 ,"10,730,872 ","1,190,950,157 ",111 
202002,제주특별자치도,전체,농사용,"47,163 ","152,215,175 ","7,066,460,835 ",46.4 
202002,제주특별자치도,전체,산업용,"3,707 ","51,085,245 ","6,625,337,838 ",129.7 
202002,제주특별자치도,전체,심 야,"6,714 ","13,735,249 ","1,022,162,548 ",74.4 
202002,제주특별자치도,전체,일반용,"79,138 ","177,853,733 ","24,364,264,492 ",137 
202002,제주특별자치도,전체,주택용,"297,046 ","81,654,121 ","9,809,778,716 ",120.1 
202002,제주특별자치도,전체,합계,"464,683 ","492,244,672 ","50,623,511,755 ",102.8 
202002,충청남도,전체,가로등,"157,320 ","15,634,530 ","1,738,045,522 ",111.2 
202002,충청남도,전체,교육용,"1,142 ","40,902,304 ","4,360,760,500 ",106.6 
202002,충청남도,전체,농사용,"199,439 ","218,071,800 ","10,476,453,315 ",48 
202002,충청남도,전체,산업용,"22,242 ","3,202,314,885 ","364,226,830,481 ",113.7 
202002,충청남도,전체,심 야,"87,354 ","189,884,052 ","14,277,266,384 ",75.2 
202002,충청남도,전체,일반용,"169,000 ","439,839,978 ","59,038,290,982 ",134.2 
202002,충청남도,전체,주택용,"791,341 ","270,592,103 ","30,186,070,494 ",111.6 
202002,충청남도,전체,합계,"1,427,838 ","4,377,239,652 ","484,303,717,678 ",110.6 
202002,충청북도,전체,가로등,"105,606 ","16,404,447 ","1,802,728,960 ",109.9 
202002,충청북도,전체,교육용,790 ,"29,708,339 ","3,051,694,968 ",102.7 
202002,충청북도,전체,농사용,"136,273 ","77,715,763 ","3,887,617,249 ",50 
202002,충청북도,전체,산업용,"17,509 ","1,473,410,998 ","171,032,677,011 ",116.1 
202002,충청북도,전체,심 야,"87,246 ","168,928,097 ","12,506,452,305 ",74 
202002,충청북도,전체,일반용,"124,564 ","333,426,358 ","44,942,608,684 ",134.8 
202002,충청북도,전체,주택용,"619,030 ","204,733,811 ","23,103,661,124 ",112.8 
202002,충청북도,전체,합계,"1,091,018 ","2,304,327,813 ","260,327,440,301 ",113 
202003,강원특별자치도,전체,가로등,"121,454 ","16,335,870 ","1,873,308,494 ",114.7 
202003,강원특별자치도,전체,교육용,"1,065 ","24,841,695 ","2,626,307,479 ",105.7 
202003,강원특별자치도,전체,농사용,"131,966 ","55,813,994 ","2,826,658,940 ",50.6 
202003,강원특별자치도,전체,산업용,"13,992 ","559,362,070 ","53,333,761,385 ",95.3 
202003,강원특별자치도,전체,심 야,"88,708 ","183,317,137 ","12,233,689,854 ",66.7 
202003,강원특별자치도,전체,일반용,"149,626 ","373,082,472 ","46,702,228,840 ",125.2 
202003,강원특별자치도,전체,주택용,"609,084 ","188,115,511 ","20,243,324,468 ",107.6 
202003,강원특별자치도,전체,합계,"1,115,895 ","1,400,868,749 ","139,839,279,460 ",99.8 
202003,경기도,전체,가로등,"362,097 ","72,163,183 ","8,271,624,495 ",114.6 
202003,경기도,전체,교육용,"4,543 ","117,484,331 ","12,416,282,978 ",105.7 
202003,경기도,전체,농사용,"300,647 ","220,452,822 ","10,749,035,150 ",48.8 
202003,경기도,전체,산업용,"130,850 ","5,728,331,548 ","568,410,014,835 ",99.2 
202003,경기도,전체,심 야,"139,363 ","309,239,552 ","20,749,258,395 ",67.1 
202003,경기도,전체,일반용,"695,772 ","2,394,828,320 ","293,727,753,693 ",122.7 
202003,경기도,전체,주택용,"3,006,826 ","1,559,352,264 ","169,275,960,901 ",108.6 
202003,경기도,전체,합계,"4,640,098 ","10,401,852,020 ","1,083,599,930,447 ",104.2 
202003,경상남도,전체,가로등,"181,063 ","23,968,060 ","2,729,731,247 ",113.9 
202003,경상남도,전체,교육용,"1,680 ","26,951,894 ","3,009,384,685 ",111.7 
202003,경상남도,전체,농사용,"237,914 ","255,703,310 ","12,473,338,676 ",48.8 
202003,경상남도,전체,산업용,"38,532 ","1,649,625,260 ","172,738,354,218 ",104.7 
202003,경상남도,전체,심 야,"84,134 ","98,207,135 ","6,534,770,292 ",66.5 
202003,경상남도,전체,일반용,"224,066 ","506,528,317 ","65,878,506,200 ",130.1 
202003,경상남도,전체,주택용,"1,174,754 ","393,792,353 ","42,422,067,547 ",107.7 
202003,경상남도,전체,합계,"1,942,143 ","2,954,776,329 ","305,786,152,865 ",103.5 
202003,경상북도,전체,가로등,"204,037 ","25,861,677 ","2,913,666,172 ",112.7 
202003,경상북도,전체,교육용,"1,472 ","44,638,985 ","4,246,474,558 ",95.1 
202003,경상북도,전체,농사용,"417,177 ","160,450,508 ","8,073,436,041 ",50.3 
202003,경상북도,전체,산업용,"32,385 ","2,374,993,704 ","223,357,950,571 ",94 
202003,경상북도,전체,심 야,"72,671 ","124,343,513 ","8,243,473,071 ",66.3 
202003,경상북도,전체,일반용,"216,801 ","417,066,028 ","54,504,160,144 ",130.7 
202003,경상북도,전체,주택용,"1,149,196 ","305,382,336 ","32,517,687,211 ",106.5 
202003,경상북도,전체,합계,"2,093,739 ","3,452,736,751 ","333,856,847,768 ",96.7 
202003,광주광역시,전체,가로등,"47,316 ","7,079,530 ","779,560,431 ",110.1 
202003,광주광역시,전체,교육용,630 ,"20,031,777 ","1,993,027,621 ",99.5 
202003,광주광역시,전체,농사용,"16,048 ","7,836,973 ","389,538,246 ",49.7 
202003,광주광역시,전체,산업용,"6,365 ","246,813,617 ","26,523,481,080 ",107.5 
202003,광주광역시,전체,심 야,"6,020 ","10,854,143 ","715,098,386 ",65.9 
202003,광주광역시,전체,일반용,"92,916 ","230,680,592 ","29,017,013,871 ",125.8 
202003,광주광역시,전체,주택용,"387,181 ","173,589,485 ","18,098,547,403 ",104.3 
202003,광주광역시,전체,합계,"556,476 ","696,886,117 ","77,516,267,038 ",111.2 
202003,대구광역시,전체,가로등,"62,116 ","10,911,087 ","1,198,098,559 ",109.8 
202003,대구광역시,전체,교육용,825 ,"20,987,543 ","2,157,275,583 ",102.8 
202003,대구광역시,전체,농사용,"15,183 ","6,323,926 ","332,023,180 ",52.5 
202003,대구광역시,전체,산업용,"20,544 ","528,597,753 ","55,593,755,208 ",105.2 
202003,대구광역시,전체,심 야,"17,499 ","22,790,410 ","1,507,653,120 ",66.2 
202003,대구광역시,전체,일반용,"154,355 ","327,191,947 ","42,652,469,693 ",130.4 
202003,대구광역시,전체,주택용,"661,353 ","283,762,220 ","29,688,532,685 ",104.6 
202003,대구광역시,전체,합계,"931,875 ","1,200,564,886 ","133,129,808,028 ",110.9 
202003,대전광역시,전체,가로등,"37,772 ","6,872,406 ","772,405,928 ",112.4 
202003,대전광역시,전체,교육용,615 ,"29,532,147 ","2,876,406,694 ",97.4 
202003,대전광역시,전체,농사용,"8,938 ","2,901,093 ","155,094,468 ",53.5 
202003,대전광역시,전체,산업용,"5,624 ","262,729,818 ","25,763,642,770 ",98.1 
202003,대전광역시,전체,심 야,"15,444 ","22,209,572 ","1,483,306,479 ",66.8 
202003,대전광역시,전체,일반용,"81,301 ","279,989,502 ","34,457,820,217 ",123.1 
202003,대전광역시,전체,주택용,"442,023 ","167,094,839 ","16,888,545,941 ",101.1 
202003,대전광역시,전체,합계,"591,717 ","771,329,377 ","82,397,222,497 ",106.8 
202003,부산광역시,전체,가로등,"85,851 ","15,240,683 ","1,672,743,477 ",109.8 
202003,부산광역시,전체,교육용,"1,163 ","30,508,228 ","3,349,327,229 ",109.8 
202003,부산광역시,전체,농사용,"11,761 ","9,389,477 ","480,207,015 ",51.1 
202003,부산광역시,전체,산업용,"24,921 ","705,078,344 ","75,288,068,097 ",106.8 
202003,부산광역시,전체,심 야,"19,546 ","27,597,634 ","1,858,331,268 ",67.3 
202003,부산광역시,전체,일반용,"188,669 ","482,456,750 ","62,360,261,570 ",129.3 
202003,부산광역시,전체,주택용,"954,414 ","399,839,445 ","42,688,780,338 ",106.8 
202003,부산광역시,전체,합계,"1,286,325 ","1,670,110,561 ","187,697,718,994 ",112.4 
202003,서울특별시,전체,가로등,"196,395 ","26,134,821 ","2,893,180,022 ",110.7 
202003,서울특별시,전체,교육용,"2,669 ","126,731,987 ","12,492,017,266 ",98.6 
202003,서울특별시,전체,농사용,"2,129 ","1,494,497 ","73,311,290 ",49.1 
202003,서울특별시,전체,산업용,"44,341 ","402,633,844 ","45,187,510,481 ",112.2 
202003,서울특별시,전체,심 야,"13,899 ","19,491,977 ","1,536,302,980 ",78.8 
202003,서울특별시,전체,일반용,"547,153 ","1,958,739,125 ","242,765,941,639 ",123.9 
202003,서울특별시,전체,주택용,"2,851,241 ","1,122,218,076 ","120,964,347,503 ",107.8 
202003,서울특별시,전체,합계,"3,657,827 ","3,657,444,327 ","425,912,611,181 ",116.5 
202003,세종특별자치시,전체,가로등,"13,476 ","2,781,722 ","315,925,329 ",113.6 
202003,세종특별자치시,전체,교육용,143 ,"5,684,412 ","597,931,094 ",105.2 
202003,세종특별자치시,전체,농사용,"14,407 ","6,821,610 ","332,382,397 ",48.7 
202003,세종특별자치시,전체,산업용,"1,632 ","154,685,847 ","14,451,682,837 ",93.4 
202003,세종특별자치시,전체,심 야,"7,297 ","9,779,815 ","647,019,546 ",66.2 
202003,세종특별자치시,전체,일반용,"13,453 ","57,207,322 ","7,369,718,888 ",128.8 
202003,세종특별자치시,전체,주택용,"53,321 ","43,588,124 ","4,571,390,976 ",104.9 
202003,세종특별자치시,전체,합계,"103,729 ","280,548,852 ","28,286,051,067 ",100.8 
202003,울산광역시,전체,가로등,"36,648 ","6,189,153 ","701,366,823 ",113.3 
202003,울산광역시,전체,교육용,429 ,"13,029,273 ","1,255,522,558 ",96.4 
202003,울산광역시,전체,농사용,"16,038 ","6,876,176 ","359,167,493 ",52.2 
202003,울산광역시,전체,산업용,"6,544 ","2,528,805,271 ","211,684,332,884 ",83.7 
202003,울산광역시,전체,심 야,"6,310 ","11,692,401 ","777,465,687 ",66.5 
202003,울산광역시,전체,일반용,"72,434 ","156,516,176 ","20,750,806,264 ",132.6 
202003,울산광역시,전체,주택용,"331,417 ","133,013,542 ","14,294,188,233 ",107.5 
202003,울산광역시,전체,합계,"469,820 ","2,856,121,992 ","249,822,849,942 ",87.5 
202003,인천광역시,전체,가로등,"69,798 ","13,849,004 ","1,582,273,644 ",114.3 
202003,인천광역시,전체,교육용,992 ,"23,312,818 ","2,298,433,334 ",98.6 
202003,인천광역시,전체,농사용,"33,182 ","10,141,278 ","536,676,479 ",52.9 
202003,인천광역시,전체,산업용,"19,570 ","1,092,075,772 ","107,887,947,742 ",98.8 
202003,인천광역시,전체,심 야,"14,914 ","27,179,229 ","1,855,580,784 ",68.3 
202003,인천광역시,전체,일반용,"139,271 ","483,348,716 ","59,100,673,589 ",122.3 
202003,인천광역시,전체,주택용,"753,636 ","348,077,491 ","37,421,434,032 ",107.5 
202003,인천광역시,전체,합계,"1,031,363 ","1,997,984,308 ","210,683,019,604 ",105.4 
202003,전라남도,전체,가로등,"171,805 ","19,987,537 ","2,261,587,084 ",113.1 
202003,전라남도,전체,교육용,"1,325 ","20,372,808 ","2,250,616,675 ",110.5 
202003,전라남도,전체,농사용,"412,619 ","343,265,689 ","16,229,890,948 ",47.3 
202003,전라남도,전체,산업용,"21,177 ","1,629,038,440 ","148,810,910,582 ",91.3 
202003,전라남도,전체,심 야,"42,898 ","65,422,695 ","4,363,802,749 ",66.7 
202003,전라남도,전체,일반용,"152,960 ","318,238,670 ","40,735,741,285 ",128 
202003,전라남도,전체,주택용,"754,785 ","207,592,735 ","22,680,699,281 ",109.3 
202003,전라남도,전체,합계,"1,557,569 ","2,603,918,574 ","237,333,248,604 ",91.1 
202003,전라북도,전체,가로등,"144,250 ","17,237,153 ","1,916,870,454 ",111.2 
202003,전라북도,전체,교육용,"1,246 ","26,946,596 ","2,865,853,681 ",106.4 
202003,전라북도,전체,농사용,"227,359 ","141,918,814 ","6,923,281,343 ",48.8 
202003,전라북도,전체,산업용,"15,666 ","949,501,952 ","90,221,520,199 ",95 
202003,전라북도,전체,심 야,"60,380 ","95,244,311 ","6,277,119,207 ",65.9 
202003,전라북도,전체,일반용,"142,335 ","301,695,176 ","38,838,689,378 ",128.7 
202003,전라북도,전체,주택용,"667,512 ","207,538,917 ","22,287,435,821 ",107.4 
202003,전라북도,전체,합계,"1,258,748 ","1,740,082,919 ","169,330,770,083 ",97.3 
202003,제주특별자치도,전체,가로등,"30,616 ","4,633,061 ","515,793,670 ",111.3 
202003,제주특별자치도,전체,교육용,357 ,"8,923,210 ","899,763,938 ",100.8 
202003,제주특별자치도,전체,농사용,"47,266 ","143,685,525 ","6,626,849,432 ",46.1 
202003,제주특별자치도,전체,산업용,"3,708 ","51,761,711 ","5,917,822,722 ",114.3 
202003,제주특별자치도,전체,심 야,"6,706 ","11,247,545 ","733,251,443 ",65.2 
202003,제주특별자치도,전체,일반용,"79,404 ","155,533,873 ","20,051,118,447 ",128.9 
202003,제주특별자치도,전체,주택용,"297,545 ","75,586,076 ","8,642,008,716 ",114.3 
202003,제주특별자치도,전체,합계,"465,602 ","451,371,001 ","43,386,608,368 ",96.1 
202003,충청남도,전체,가로등,"157,673 ","14,613,141 ","1,658,439,061 ",113.5 
202003,충청남도,전체,교육용,"1,142 ","32,491,578 ","3,327,425,112 ",102.4 
202003,충청남도,전체,농사용,"311,172 ","197,005,645 ","9,517,533,766 ",48.3 
202003,충청남도,전체,산업용,"22,277 ","3,386,905,335 ","307,432,009,270 ",90.8 
202003,충청남도,전체,심 야,"87,210 ","155,199,185 ","10,308,342,568 ",66.4 
202003,충청남도,전체,일반용,"169,197 ","378,554,827 ","48,715,269,737 ",128.7 
202003,충청남도,전체,주택용,"792,011 ","250,716,318 ","26,665,287,028 ",106.4 
202003,충청남도,전체,합계,"1,540,682 ","4,415,486,029 ","407,624,306,542 ",92.3 
202003,충청북도,전체,가로등,"105,809 ","15,661,827 ","1,747,336,056 ",111.6 
202003,충청북도,전체,교육용,787 ,"23,774,992 ","2,515,516,272 ",105.8 
202003,충청북도,전체,농사용,"171,110 ","70,988,867 ","3,603,688,113 ",50.8 
202003,충청북도,전체,산업용,"17,529 ","1,565,871,579 ","148,083,235,453 ",94.6 
202003,충청북도,전체,심 야,"87,121 ","137,295,331 ","9,030,522,777 ",65.8 
202003,충청북도,전체,일반용,"124,609 ","288,504,394 ","37,248,533,232 ",129.1 
202003,충청북도,전체,주택용,"619,568 ","189,015,784 ","20,272,325,870 ",107.3 
202003,충청북도,전체,합계,"1,126,533 ","2,291,112,774 ","222,501,157,773 ",97.1 
202004,강원특별자치도,전체,가로등,"121,829 ","16,537,984 ","1,924,026,608 ",116.3 
202004,강원특별자치도,전체,교육용,"1,060 ","20,234,901 ","1,988,733,432 ",98.3 
202004,강원특별자치도,전체,농사용,"110,704 ","56,374,807 ","2,836,248,202 ",50.3 
202004,강원특별자치도,전체,산업용,"13,995 ","574,929,223 ","51,892,022,749 ",90.3 
202004,강원특별자치도,전체,심 야,"88,539 ","148,385,009 ","8,031,068,931 ",54.1 
202004,강원특별자치도,전체,일반용,"149,660 ","340,277,392 ","39,760,354,956 ",116.8 
202004,강원특별자치도,전체,주택용,"609,793 ","189,266,832 ","20,854,332,727 ",110.2 
202004,강원특별자치도,전체,합계,"1,095,580 ","1,346,006,148 ","127,286,787,605 ",94.6 
202004,경기도,전체,가로등,"362,940 ","70,915,141 ","8,351,697,130 ",117.8 
202004,경기도,전체,교육용,"4,534 ","91,091,262 ","8,955,619,813 ",98.3 
202004,경기도,전체,농사용,"239,720 ","203,591,498 ","9,917,915,986 ",48.7 
202004,경기도,전체,산업용,"131,044 ","5,432,052,460 ","525,076,782,941 ",96.7 
202004,경기도,전체,심 야,"138,962 ","241,887,597 ","13,321,744,922 ",55.1 
202004,경기도,전체,일반용,"695,891 ","2,177,145,435 ","250,750,621,770 ",115.2 
202004,경기도,전체,주택용,"3,010,308 ","1,571,807,464 ","172,016,581,452 ",109.4 
202004,경기도,전체,합계,"4,583,399 ","9,788,490,857 ","988,390,964,014 ",101 
202004,경상남도,전체,가로등,"181,673 ","23,674,098 ","2,782,604,283 ",117.5 
202004,경상남도,전체,교육용,"1,685 ","23,441,707 ","2,409,561,409 ",102.8 
202004,경상남도,전체,농사용,"214,479 ","204,863,971 ","10,282,117,371 ",50.2 
202004,경상남도,전체,산업용,"38,610 ","1,532,633,565 ","156,066,837,491 ",101.8 
202004,경상남도,전체,심 야,"83,855 ","79,127,438 ","4,313,037,751 ",54.5 
202004,경상남도,전체,일반용,"223,889 ","478,509,507 ","56,984,348,614 ",119.1 
202004,경상남도,전체,주택용,"1,175,494 ","393,197,245 ","42,983,497,456 ",109.3 
202004,경상남도,전체,합계,"1,919,685 ","2,735,447,531 ","275,822,004,375 ",100.8 
202004,경상북도,전체,가로등,"204,815 ","25,513,025 ","2,989,967,975 ",117.2 
202004,경상북도,전체,교육용,"1,473 ","37,538,813 ","3,434,893,952 ",91.5 
202004,경상북도,전체,농사용,"348,989 ","154,521,000 ","7,864,133,591 ",50.9 
202004,경상북도,전체,산업용,"32,363 ","2,272,952,604 ","210,972,505,190 ",92.8 
202004,경상북도,전체,심 야,"72,519 ","98,268,568 ","5,316,191,026 ",54.1 
202004,경상북도,전체,일반용,"216,899 ","390,162,989 ","47,038,988,442 ",120.6 
202004,경상북도,전체,주택용,"1,149,636 ","308,469,675 ","33,291,830,141 ",107.9 
202004,경상북도,전체,합계,"2,026,694 ","3,287,426,674 ","310,908,510,317 ",94.6 
202004,광주광역시,전체,가로등,"47,434 ","6,910,901 ","782,701,381 ",113.3 
202004,광주광역시,전체,교육용,629 ,"17,397,156 ","1,552,754,399 ",89.3 
202004,광주광역시,전체,농사용,"11,778 ","5,951,229 ","310,653,675 ",52.2 
202004,광주광역시,전체,산업용,"6,356 ","226,996,926 ","23,622,936,976 ",104.1 
202004,광주광역시,전체,심 야,"5,981 ","8,690,732 ","479,818,523 ",55.2 
202004,광주광역시,전체,일반용,"92,989 ","217,818,632 ","24,883,294,179 ",114.2 
202004,광주광역시,전체,주택용,"387,446 ","176,893,466 ","18,702,881,632 ",105.7 
202004,광주광역시,전체,합계,"552,613 ","660,659,042 ","70,335,040,765 ",106.5 
202004,대구광역시,전체,가로등,"62,174 ","10,479,298 ","1,186,826,698 ",113.3 
202004,대구광역시,전체,교육용,825 ,"18,776,797 ","1,793,984,516 ",95.5 
202004,대구광역시,전체,농사용,"14,961 ","5,730,300 ","302,657,275 ",52.8 
202004,대구광역시,전체,산업용,"20,550 ","490,984,207 ","49,955,518,638 ",101.7 
202004,대구광역시,전체,심 야,"17,441 ","17,222,454 ","923,453,867 ",53.6 
202004,대구광역시,전체,일반용,"154,112 ","307,957,601 ","37,105,085,936 ",120.5 
202004,대구광역시,전체,주택용,"661,096 ","286,661,598 ","30,200,035,096 ",105.4 
202004,대구광역시,전체,합계,"931,159 ","1,137,812,255 ","121,467,562,026 ",106.8 
202004,대전광역시,전체,가로등,"37,825 ","6,772,480 ","776,238,824 ",114.6 
202004,대전광역시,전체,교육용,613 ,"24,113,925 ","2,153,851,014 ",89.3 
202004,대전광역시,전체,농사용,"7,616 ","2,593,439 ","142,857,812 ",55.1 
202004,대전광역시,전체,산업용,"5,623 ","240,915,228 ","23,344,465,383 ",96.9 
202004,대전광역시,전체,심 야,"15,356 ","17,119,462 ","943,495,172 ",55.1 
202004,대전광역시,전체,일반용,"81,345 ","258,347,596 ","29,457,816,405 ",114 
202004,대전광역시,전체,주택용,"441,855 ","170,468,101 ","17,478,373,923 ",102.5 
202004,대전광역시,전체,합계,"590,233 ","720,330,231 ","74,297,098,533 ",103.1 
202004,부산광역시,전체,가로등,"86,013 ","14,404,208 ","1,630,861,819 ",113.2 
202004,부산광역시,전체,교육용,"1,158 ","26,349,211 ","2,557,470,845 ",97.1 
202004,부산광역시,전체,농사용,"11,693 ","8,314,114 ","436,836,496 ",52.5 
202004,부산광역시,전체,산업용,"24,943 ","671,163,389 ","70,041,124,241 ",104.4 
202004,부산광역시,전체,심 야,"19,457 ","22,327,746 ","1,255,816,306 ",56.2 
202004,부산광역시,전체,일반용,"188,518 ","457,805,365 ","54,946,459,176 ",120 
202004,부산광역시,전체,주택용,"954,636 ","406,705,461 ","43,776,660,943 ",107.6 
202004,부산광역시,전체,합계,"1,286,418 ","1,607,069,494 ","174,645,229,826 ",108.7 
202004,서울특별시,전체,가로등,"196,578 ","24,622,869 ","2,844,044,714 ",115.5 
202004,서울특별시,전체,교육용,"2,661 ","103,732,896 ","9,344,072,703 ",90.1 
202004,서울특별시,전체,농사용,"1,873 ","1,434,714 ","70,869,841 ",49.4 
202004,서울특별시,전체,산업용,"44,302 ","383,110,610 ","40,723,663,953 ",106.3 
202004,서울특별시,전체,심 야,"13,801 ","17,345,978 ","1,342,773,743 ",77.4 
202004,서울특별시,전체,일반용,"546,595 ","1,757,934,299 ","207,438,987,319 ",118 
202004,서울특별시,전체,주택용,"2,854,079 ","1,122,785,486 ","120,875,566,548 ",107.7 
202004,서울특별시,전체,합계,"3,659,889 ","3,410,966,852 ","382,639,978,821 ",112.2 
202004,세종특별자치시,전체,가로등,"13,562 ","2,725,383 ","318,390,941 ",116.8 
202004,세종특별자치시,전체,교육용,143 ,"4,556,805 ","424,085,745 ",93.1 
202004,세종특별자치시,전체,농사용,"9,558 ","6,121,652 ","304,288,701 ",49.7 
202004,세종특별자치시,전체,산업용,"1,636 ","147,549,374 ","13,364,118,435 ",90.6 
202004,세종특별자치시,전체,심 야,"7,277 ","7,694,798 ","418,290,955 ",54.4 
202004,세종특별자치시,전체,일반용,"13,511 ","51,109,127 ","6,226,001,078 ",121.8 
202004,세종특별자치시,전체,주택용,"53,367 ","44,849,380 ","4,830,177,162 ",107.7 
202004,세종특별자치시,전체,합계,"99,054 ","264,606,519 ","25,885,353,017 ",97.8 
202004,울산광역시,전체,가로등,"36,665 ","5,977,197 ","705,696,164 ",118.1 
202004,울산광역시,전체,교육용,427 ,"11,525,572 ","1,020,739,900 ",88.6 
202004,울산광역시,전체,농사용,"15,238 ","6,362,688 ","336,423,855 ",52.9 
202004,울산광역시,전체,산업용,"6,551 ","2,385,187,785 ","199,160,581,709 ",83.5 
202004,울산광역시,전체,심 야,"6,290 ","9,450,423 ","516,650,906 ",54.7 
202004,울산광역시,전체,일반용,"72,356 ","148,221,944 ","17,955,619,689 ",121.1 
202004,울산광역시,전체,주택용,"331,767 ","135,512,063 ","14,824,700,768 ",109.4 
202004,울산광역시,전체,합계,"469,294 ","2,702,237,672 ","234,520,412,991 ",86.8 
202004,인천광역시,전체,가로등,"69,998 ","13,311,500 ","1,567,007,772 ",117.7 
202004,인천광역시,전체,교육용,991 ,"18,732,331 ","1,831,793,276 ",97.8 
202004,인천광역시,전체,농사용,"30,163 ","10,877,251 ","563,438,098 ",51.8 
202004,인천광역시,전체,산업용,"19,579 ","1,038,528,428 ","99,878,832,786 ",96.2 
202004,인천광역시,전체,심 야,"14,865 ","21,135,986 ","1,177,233,951 ",55.7 
202004,인천광역시,전체,일반용,"139,302 ","432,981,888 ","50,403,862,009 ",116.4 
202004,인천광역시,전체,주택용,"753,682 ","349,255,971 ","37,812,891,062 ",108.3 
202004,인천광역시,전체,합계,"1,028,580 ","1,884,823,355 ","193,235,058,954 ",102.5 
202004,전라남도,전체,가로등,"185,310 ","19,892,240 ","2,337,031,373 ",117.5 
202004,전라남도,전체,교육용,"1,324 ","18,056,163 ","1,773,835,157 ",98.2 
202004,전라남도,전체,농사용,"316,986 ","340,502,268 ","16,629,014,855 ",48.8 
202004,전라남도,전체,산업용,"21,225 ","1,642,472,675 ","151,184,504,306 ",92 
202004,전라남도,전체,심 야,"42,789 ","55,618,288 ","3,026,425,135 ",54.4 
202004,전라남도,전체,일반용,"153,325 ","300,286,241 ","34,911,011,394 ",116.3 
202004,전라남도,전체,주택용,"755,909 ","210,797,738 ","23,917,270,596 ",113.5 
202004,전라남도,전체,합계,"1,476,868 ","2,587,625,613 ","233,779,092,816 ",90.3 
202004,전라북도,전체,가로등,"144,745 ","16,933,986 ","1,969,697,670 ",116.3 
202004,전라북도,전체,교육용,"1,245 ","22,635,142 ","2,181,491,417 ",96.4 
202004,전라북도,전체,농사용,"193,481 ","133,573,130 ","6,531,087,949 ",48.9 
202004,전라북도,전체,산업용,"15,707 ","898,986,492 ","82,894,809,968 ",92.2 
202004,전라북도,전체,심 야,"60,238 ","78,054,192 ","4,196,259,464 ",53.8 
202004,전라북도,전체,일반용,"142,562 ","280,518,029 ","33,268,095,700 ",118.6 
202004,전라북도,전체,주택용,"668,479 ","211,698,231 ","23,564,562,306 ",111.3 
202004,전라북도,전체,합계,"1,226,457 ","1,642,399,202 ","154,606,004,474 ",94.1 
202004,제주특별자치도,전체,가로등,"38,600 ","4,003,720 ","483,954,509 ",120.9 
202004,제주특별자치도,전체,교육용,356 ,"7,999,999 ","765,173,645 ",95.6 
202004,제주특별자치도,전체,농사용,"47,426 ","148,205,312 ","6,723,014,238 ",45.4 
202004,제주특별자치도,전체,산업용,"3,695 ","51,758,340 ","5,579,881,367 ",107.8 
202004,제주특별자치도,전체,심 야,"6,693 ","9,438,332 ","516,386,153 ",54.7 
202004,제주특별자치도,전체,일반용,"79,629 ","148,751,990 ","17,776,585,980 ",119.5 
202004,제주특별자치도,전체,주택용,"298,197 ","75,103,236 ","8,730,578,548 ",116.2 
202004,제주특별자치도,전체,합계,"474,596 ","445,260,929 ","40,575,574,440 ",91.1 
202004,충청남도,전체,가로등,"158,111 ","14,152,439 ","1,683,388,609 ",118.9 
202004,충청남도,전체,교육용,"1,139 ","25,224,782 ","2,504,609,121 ",99.3 
202004,충청남도,전체,농사용,"201,579 ","169,342,044 ","8,309,911,601 ",49.1 
202004,충청남도,전체,산업용,"22,315 ","3,136,462,592 ","283,254,319,393 ",90.3 
202004,충청남도,전체,심 야,"87,070 ","126,531,398 ","6,882,365,177 ",54.4 
202004,충청남도,전체,일반용,"169,389 ","346,877,102 ","41,193,131,088 ",118.8 
202004,충청남도,전체,주택용,"793,084 ","253,928,404 ","27,835,547,292 ",109.6 
202004,충청남도,전체,합계,"1,432,687 ","4,072,518,761 ","371,663,272,281 ",91.3 
202004,충청북도,전체,가로등,"106,040 ","15,561,513 ","1,798,417,016 ",115.6 
202004,충청북도,전체,교육용,784 ,"18,060,774 ","1,774,770,643 ",98.3 
202004,충청북도,전체,농사용,"137,424 ","66,019,476 ","3,407,579,783 ",51.6 
202004,충청북도,전체,산업용,"17,552 ","1,497,073,106 ","137,268,019,860 ",91.7 
202004,충청북도,전체,심 야,"86,947 ","105,438,990 ","5,676,363,788 ",53.8 
202004,충청북도,전체,일반용,"124,700 ","262,130,255 ","31,376,810,854 ",119.7 
202004,충청북도,전체,주택용,"620,427 ","191,375,099 ","21,168,732,656 ",110.6 
202004,충청북도,전체,합계,"1,093,874 ","2,155,659,213 ","202,470,694,600 ",93.9 
202005,강원특별자치도,전체,가로등,"122,282 ","15,826,229 ","1,882,186,200 ",118.9 
202005,강원특별자치도,전체,교육용,"1,059 ","16,164,413 ","1,725,948,905 ",106.8 
202005,강원특별자치도,전체,농사용,"111,601 ","52,931,381 ","2,690,108,901 ",50.8 
202005,강원특별자치도,전체,산업용,"14,036 ","538,860,351 ","48,759,480,942 ",90.5 
202005,강원특별자치도,전체,심 야,"88,359 ","103,611,728 ","5,646,425,794 ",54.5 
202005,강원특별자치도,전체,일반용,"149,643 ","321,355,846 ","38,377,249,990 ",119.4 
202005,강원특별자치도,전체,주택용,"610,759 ","176,698,803 ","18,477,932,893 ",104.6 
202005,강원특별자치도,전체,합계,"1,097,739 ","1,225,448,751 ","117,559,333,625 ",95.9 
202005,경기도,전체,가로등,"363,714 ","64,983,204 ","7,907,884,440 ",121.7 
202005,경기도,전체,교육용,"4,532 ","76,484,870 ","7,958,240,585 ",104 
202005,경기도,전체,농사용,"233,116 ","194,849,884 ","9,204,472,244 ",47.2 
202005,경기도,전체,산업용,"131,245 ","5,232,560,986 ","507,957,078,610 ",97.1 
202005,경기도,전체,심 야,"138,501 ","166,341,356 ","9,349,355,642 ",56.2 
202005,경기도,전체,일반용,"695,811 ","2,090,079,861 ","244,237,985,093 ",116.9 
202005,경기도,전체,주택용,"3,011,884 ","1,481,290,216 ","155,352,333,034 ",104.9 
202005,경기도,전체,합계,"4,578,803 ","9,306,590,377 ","941,967,349,648 ",101.2 
202005,경상남도,전체,가로등,"182,387 ","22,112,741 ","2,681,841,379 ",121.3 
202005,경상남도,전체,교육용,"1,684 ","21,418,627 ","2,272,095,845 ",106.1 
202005,경상남도,전체,농사용,"215,325 ","150,939,693 ","7,956,660,419 ",52.7 
202005,경상남도,전체,산업용,"38,635 ","1,364,169,333 ","143,797,039,721 ",105.4 
202005,경상남도,전체,심 야,"83,412 ","54,237,400 ","2,967,433,621 ",54.7 
202005,경상남도,전체,일반용,"223,818 ","464,212,522 ","55,957,655,206 ",120.5 
202005,경상남도,전체,주택용,"1,175,500 ","369,774,520 ","38,803,183,100 ",104.9 
202005,경상남도,전체,합계,"1,920,761 ","2,446,864,836 ","254,435,909,291 ",104 
202005,경상북도,전체,가로등,"205,674 ","23,881,444 ","2,890,420,834 ",121 
202005,경상북도,전체,교육용,"1,472 ","35,382,041 ","3,276,493,756 ",92.6 
202005,경상북도,전체,농사용,"351,836 ","155,764,686 ","7,780,680,955 ",50 
202005,경상북도,전체,산업용,"32,360 ","2,111,558,099 ","196,314,437,523 ",93 
202005,경상북도,전체,심 야,"72,265 ","66,862,114 ","3,604,038,515 ",53.9 
202005,경상북도,전체,일반용,"216,924 ","373,335,572 ","45,850,824,323 ",122.8 
202005,경상북도,전체,주택용,"1,149,596 ","287,768,533 ","29,609,661,536 ",102.9 
202005,경상북도,전체,합계,"2,030,127 ","3,054,552,489 ","289,326,557,442 ",94.7 
202005,광주광역시,전체,가로등,"47,484 ","6,328,917 ","737,473,582 ",116.5 
202005,광주광역시,전체,교육용,627 ,"15,687,460 ","1,443,448,422 ",92 
202005,광주광역시,전체,농사용,"11,803 ","4,579,807 ","249,948,496 ",54.6 
202005,광주광역시,전체,산업용,"6,363 ","204,748,067 ","21,880,824,354 ",106.9 
202005,광주광역시,전체,심 야,"5,957 ","5,604,756 ","329,362,956 ",58.8 
202005,광주광역시,전체,일반용,"93,009 ","207,667,797 ","24,119,445,257 ",116.1 
202005,광주광역시,전체,주택용,"387,265 ","166,248,643 ","16,838,528,336 ",101.3 
202005,광주광역시,전체,합계,"552,508 ","610,865,447 ","65,599,031,403 ",107.4 
202005,대구광역시,전체,가로등,"62,296 ","9,542,887 ","1,116,175,669 ",117 
202005,대구광역시,전체,교육용,825 ,"17,903,464 ","1,720,688,912 ",96.1 
202005,대구광역시,전체,농사용,"15,113 ","5,581,440 ","287,002,481 ",51.4 
202005,대구광역시,전체,산업용,"20,559 ","418,009,049 ","44,636,577,060 ",106.8 
202005,대구광역시,전체,심 야,"17,358 ","12,841,116 ","738,196,944 ",57.5 
202005,대구광역시,전체,일반용,"154,046 ","313,104,514 ","37,745,648,467 ",120.6 
202005,대구광역시,전체,주택용,"660,653 ","267,289,711 ","26,850,857,473 ",100.5 
202005,대구광역시,전체,합계,"930,850 ","1,044,272,181 ","113,095,147,006 ",108.3 
202005,대전광역시,전체,가로등,"37,880 ","6,114,496 ","724,097,527 ",118.4 
202005,대전광역시,전체,교육용,612 ,"22,708,965 ","2,049,942,811 ",90.3 
202005,대전광역시,전체,농사용,"7,686 ","2,251,143 ","128,634,412 ",57.1 
202005,대전광역시,전체,산업용,"5,617 ","231,747,990 ","22,606,904,748 ",97.5 
202005,대전광역시,전체,심 야,"15,268 ","12,411,903 ","719,062,729 ",57.9 
202005,대전광역시,전체,일반용,"81,379 ","251,880,918 ","28,881,315,521 ",114.7 
202005,대전광역시,전체,주택용,"441,516 ","158,341,483 ","15,440,386,941 ",97.5 
202005,대전광역시,전체,합계,"589,958 ","685,456,898 ","70,550,344,689 ",102.9 
202005,부산광역시,전체,가로등,"86,058 ","13,596,846 ","1,574,311,266 ",115.8 
202005,부산광역시,전체,교육용,"1,154 ","23,472,090 ","2,358,401,124 ",100.5 
202005,부산광역시,전체,농사용,"11,693 ","7,637,161 ","400,587,842 ",52.5 
202005,부산광역시,전체,산업용,"24,916 ","619,863,162 ","65,920,663,386 ",106.3 
202005,부산광역시,전체,심 야,"19,362 ","16,648,837 ","973,121,265 ",58.4 
202005,부산광역시,전체,일반용,"188,426 ","451,785,856 ","54,512,305,489 ",120.7 
202005,부산광역시,전체,주택용,"954,554 ","377,095,416 ","38,541,555,350 ",102.2 
202005,부산광역시,전체,합계,"1,286,163 ","1,510,099,368 ","164,280,945,722 ",108.8 
202005,서울특별시,전체,가로등,"201,582 ","22,651,837 ","2,706,055,032 ",119.5 
202005,서울특별시,전체,교육용,"2,658 ","93,130,308 ","8,642,597,228 ",92.8 
202005,서울특별시,전체,농사용,"1,877 ","1,366,668 ","68,282,732 ",50 
202005,서울특별시,전체,산업용,"44,320 ","367,591,520 ","39,721,036,673 ",108.1 
202005,서울특별시,전체,심 야,"13,717 ","29,403,278 ","2,185,121,459 ",74.3 
202005,서울특별시,전체,일반용,"545,847 ","1,722,769,533 ","204,785,814,324 ",118.9 
202005,서울특별시,전체,주택용,"2,854,729 ","1,058,926,018 ","109,613,069,632 ",103.5 
202005,서울특별시,전체,합계,"3,664,730 ","3,295,839,162 ","367,721,977,080 ",111.6 
202005,세종특별자치시,전체,가로등,"13,587 ","2,529,567 ","304,618,684 ",120.4 
202005,세종특별자치시,전체,교육용,143 ,"4,034,321 ","384,948,156 ",95.4 
202005,세종특별자치시,전체,농사용,"9,621 ","6,044,708 ","297,456,108 ",49.2 
202005,세종특별자치시,전체,산업용,"1,643 ","142,536,925 ","13,026,509,917 ",91.4 
202005,세종특별자치시,전체,심 야,"7,260 ","4,943,733 ","270,776,636 ",54.8 
202005,세종특별자치시,전체,일반용,"13,516 ","50,274,533 ","6,168,797,692 ",122.7 
202005,세종특별자치시,전체,주택용,"53,442 ","41,938,394 ","4,312,157,691 ",102.8 
202005,세종특별자치시,전체,합계,"99,212 ","252,302,181 ","24,765,264,884 ",98.2 
202005,울산광역시,전체,가로등,"36,757 ","5,545,180 ","676,469,360 ",122 
202005,울산광역시,전체,교육용,428 ,"11,337,806 ","1,003,791,643 ",88.5 
202005,울산광역시,전체,농사용,"15,378 ","5,712,138 ","308,293,382 ",54 
202005,울산광역시,전체,산업용,"6,555 ","2,385,103,406 ","198,178,794,888 ",83.1 
202005,울산광역시,전체,심 야,"6,250 ","6,524,887 ","364,114,042 ",55.8 
202005,울산광역시,전체,일반용,"72,320 ","145,103,847 ","17,722,285,735 ",122.1 
202005,울산광역시,전체,주택용,"331,710 ","125,671,256 ","13,064,482,871 ",104 
202005,울산광역시,전체,합계,"469,398 ","2,684,998,520 ","231,318,231,921 ",86.2 
202005,인천광역시,전체,가로등,"69,843 ","12,014,261 ","1,456,683,046 ",121.2 
202005,인천광역시,전체,교육용,991 ,"16,013,149 ","1,664,043,282 ",103.9 
202005,인천광역시,전체,농사용,"25,776 ","11,180,192 ","558,370,841 ",49.9 
202005,인천광역시,전체,산업용,"19,597 ","1,001,868,751 ","96,541,208,615 ",96.4 
202005,인천광역시,전체,심 야,"14,776 ","15,191,241 ","878,618,064 ",57.8 
202005,인천광역시,전체,일반용,"139,348 ","414,171,935 ","49,008,270,317 ",118.3 
202005,인천광역시,전체,주택용,"753,343 ","330,673,253 ","34,317,913,010 ",103.8 
202005,인천광역시,전체,합계,"1,023,674 ","1,801,112,782 ","184,425,107,175 ",102.4 
202005,전라남도,전체,가로등,"180,680 ","18,550,960 ","2,252,021,859 ",121.4 
202005,전라남도,전체,교육용,"1,319 ","15,705,454 ","1,613,885,698 ",102.8 
202005,전라남도,전체,농사용,"294,256 ","264,217,146 ","12,588,763,488 ",47.6 
202005,전라남도,전체,산업용,"21,289 ","1,618,633,491 ","143,980,346,938 ",89 
202005,전라남도,전체,심 야,"42,625 ","39,472,353 ","2,159,217,493 ",54.7 
202005,전라남도,전체,일반용,"153,436 ","280,081,764 ","33,422,585,390 ",119.3 
202005,전라남도,전체,주택용,"756,653 ","198,546,099 ","21,553,152,335 ",108.6 
202005,전라남도,전체,합계,"1,450,258 ","2,435,207,267 ","217,569,973,201 ",89.3 
202005,전라북도,전체,가로등,"144,984 ","15,747,964 ","1,899,633,314 ",120.6 
202005,전라북도,전체,교육용,"1,242 ","18,524,021 ","1,885,601,074 ",101.8 
202005,전라북도,전체,농사용,"156,807 ","122,194,222 ","5,955,713,548 ",48.7 
202005,전라북도,전체,산업용,"15,752 ","879,133,324 ","80,468,748,650 ",91.5 
202005,전라북도,전체,심 야,"60,035 ","52,902,518 ","2,858,846,128 ",54 
202005,전라북도,전체,일반용,"142,554 ","260,268,498 ","31,883,309,578 ",122.5 
202005,전라북도,전체,주택용,"669,242 ","198,668,007 ","21,156,455,317 ",106.5 
202005,전라북도,전체,합계,"1,190,616 ","1,547,438,554 ","146,108,307,609 ",94.4 
202005,제주특별자치도,전체,가로등,"36,213 ","3,666,235 ","464,780,436 ",126.8 
202005,제주특별자치도,전체,교육용,355 ,"7,185,432 ","711,866,751 ",99.1 
202005,제주특별자치도,전체,농사용,"47,573 ","125,560,941 ","5,813,017,960 ",46.3 
202005,제주특별자치도,전체,산업용,"3,627 ","50,803,920 ","5,379,581,286 ",105.9 
202005,제주특별자치도,전체,심 야,"6,677 ","7,122,237 ","409,528,486 ",57.5 
202005,제주특별자치도,전체,일반용,"79,693 ","145,112,514 ","17,535,754,062 ",120.8 
202005,제주특별자치도,전체,주택용,"298,594 ","69,123,996 ","7,650,037,144 ",110.7 
202005,제주특별자치도,전체,합계,"472,732 ","408,575,275 ","37,964,566,125 ",92.9 
202005,충청남도,전체,가로등,"158,470 ","12,995,167 ","1,613,375,648 ",124.2 
202005,충청남도,전체,교육용,"1,140 ","21,563,756 ","2,252,632,325 ",104.5 
202005,충청남도,전체,농사용,"202,399 ","157,802,699 ","7,451,840,657 ",47.2 
202005,충청남도,전체,산업용,"22,325 ","3,079,489,115 ","279,075,307,565 ",90.6 
202005,충청남도,전체,심 야,"86,894 ","85,011,927 ","4,640,711,761 ",54.6 
202005,충청남도,전체,일반용,"169,425 ","325,222,837 ","39,654,890,202 ",121.9 
202005,충청남도,전체,주택용,"793,881 ","237,948,000 ","24,832,045,370 ",104.4 
202005,충청남도,전체,합계,"1,434,534 ","3,920,033,501 ","359,520,803,528 ",91.7 
202005,충청북도,전체,가로등,"106,404 ","14,690,750 ","1,748,721,573 ",119 
202005,충청북도,전체,교육용,783 ,"14,309,876 ","1,529,469,898 ",106.9 
202005,충청북도,전체,농사용,"138,268 ","62,684,903 ","3,228,766,315 ",51.5 
202005,충청북도,전체,산업용,"17,587 ","1,491,574,399 ","135,841,126,959 ",91.1 
202005,충청북도,전체,심 야,"86,766 ","67,614,314 ","3,678,950,276 ",54.4 
202005,충청북도,전체,일반용,"124,756 ","245,597,864 ","30,158,069,893 ",122.8 
202005,충청북도,전체,주택용,"621,065 ","178,591,013 ","18,809,586,962 ",105.3 
202005,충청북도,전체,합계,"1,095,629 ","2,075,063,119 ","194,994,691,876 ",94 
202006,강원특별자치도,전체,가로등,"123,388 ","15,721,716 ","1,918,719,075 ",122 
202006,강원특별자치도,전체,교육용,"1,060 ","18,586,610 ","2,309,254,844 ",124.2 
202006,강원특별자치도,전체,농사용,"112,710 ","56,116,450 ","2,831,089,319 ",50.5 
202006,강원특별자치도,전체,산업용,"14,077 ","534,228,240 ","60,012,199,475 ",112.3 
202006,강원특별자치도,전체,심 야,"88,190 ","60,006,304 ","3,315,800,658 ",55.3 
202006,강원특별자치도,전체,일반용,"149,534 ","348,027,639 ","47,396,665,490 ",136.2 
202006,강원특별자치도,전체,주택용,"612,111 ","176,739,469 ","18,495,377,497 ",104.6 
202006,강원특별자치도,전체,합계,"1,101,070 ","1,209,426,428 ","136,279,106,358 ",112.7 
202006,경기도,전체,가로등,"364,680 ","61,873,949 ","7,744,673,356 ",125.2 
202006,경기도,전체,교육용,"4,531 ","92,953,233 ","11,626,966,883 ",125.1 
202006,경기도,전체,농사용,"234,236 ","195,792,135 ","11,559,736,338 ",59 
202006,경기도,전체,산업용,"131,457 ","5,528,773,304 ","660,733,058,931 ",119.5 
202006,경기도,전체,심 야,"138,094 ","102,901,960 ","6,065,440,583 ",58.9 
202006,경기도,전체,일반용,"697,081 ","2,334,013,866 ","313,752,287,675 ",134.4 
202006,경기도,전체,주택용,"3,013,727 ","1,544,530,018 ","167,226,589,018 ",108.3 
202006,경기도,전체,합계,"4,583,806 ","9,860,838,465 ","1,178,708,752,784 ",119.5 
202006,경상남도,전체,가로등,"183,344 ","21,449,228 ","2,742,547,901 ",127.9 
202006,경상남도,전체,교육용,"1,685 ","28,488,053 ","3,610,710,913 ",126.7 
202006,경상남도,전체,농사용,"215,377 ","138,831,678 ","7,048,170,219 ",50.8 
202006,경상남도,전체,산업용,"38,692 ","1,461,523,720 ","185,874,088,967 ",127.2 
202006,경상남도,전체,심 야,"83,141 ","30,448,036 ","1,694,089,181 ",55.6 
202006,경상남도,전체,일반용,"224,001 ","513,910,655 ","69,355,884,688 ",135 
202006,경상남도,전체,주택용,"1,176,244 ","375,060,889 ","39,374,138,180 ",105 
202006,경상남도,전체,합계,"1,922,484 ","2,569,712,259 ","309,699,630,049 ",120.5 
202006,경상북도,전체,가로등,"206,725 ","23,128,017 ","2,881,233,508 ",124.6 
202006,경상북도,전체,교육용,"1,474 ","42,706,459 ","5,039,438,638 ",118 
202006,경상북도,전체,농사용,"354,957 ","183,769,291 ","8,759,610,809 ",47.7 
202006,경상북도,전체,산업용,"32,416 ","2,039,760,818 ","239,581,739,290 ",117.5 
202006,경상북도,전체,심 야,"72,067 ","37,062,768 ","2,066,703,207 ",55.8 
202006,경상북도,전체,일반용,"217,067 ","414,866,628 ","56,779,949,083 ",136.9 
202006,경상북도,전체,주택용,"1,150,276 ","292,201,180 ","30,119,497,675 ",103.1 
202006,경상북도,전체,합계,"2,034,982 ","3,033,495,161 ","345,228,172,210 ",113.8 
202006,광주광역시,전체,가로등,"47,488 ","5,972,051 ","711,124,218 ",119.1 
202006,광주광역시,전체,교육용,628 ,"19,447,174 ","2,262,637,527 ",116.3 
202006,광주광역시,전체,농사용,"11,811 ","4,880,374 ","252,458,790 ",51.7 
202006,광주광역시,전체,산업용,"6,373 ","245,159,008 ","30,774,621,075 ",125.5 
202006,광주광역시,전체,심 야,"5,933 ","4,021,041 ","262,032,196 ",65.2 
202006,광주광역시,전체,일반용,"93,356 ","234,770,721 ","30,653,388,050 ",130.6 
202006,광주광역시,전체,주택용,"387,448 ","171,055,535 ","17,503,908,540 ",102.3 
202006,광주광역시,전체,합계,"553,037 ","685,305,904 ","82,420,170,396 ",120.3 
202006,대구광역시,전체,가로등,"62,225 ","9,107,115 ","1,092,664,225 ",120 
202006,대구광역시,전체,교육용,824 ,"24,613,668 ","2,958,101,588 ",120.2 
202006,대구광역시,전체,농사용,"15,203 ","7,291,374 ","337,056,459 ",46.2 
202006,대구광역시,전체,산업용,"20,539 ","451,560,254 ","57,343,884,820 ",127 
202006,대구광역시,전체,심 야,"17,298 ","10,027,392 ","606,766,352 ",60.5 
202006,대구광역시,전체,일반용,"154,339 ","368,318,760 ","49,638,873,424 ",134.8 
202006,대구광역시,전체,주택용,"660,503 ","278,779,977 ","28,760,260,190 ",103.2 
202006,대구광역시,전체,합계,"930,931 ","1,149,698,540 ","140,737,607,058 ",122.4 
202006,대전광역시,전체,가로등,"38,152 ","5,833,459 ","708,068,109 ",121.4 
202006,대전광역시,전체,교육용,611 ,"27,386,073 ","3,032,462,665 ",110.7 
202006,대전광역시,전체,농사용,"7,735 ","2,383,068 ","133,680,685 ",56.1 
202006,대전광역시,전체,산업용,"5,600 ","260,872,107 ","31,490,705,236 ",120.7 
202006,대전광역시,전체,심 야,"15,195 ","8,729,077 ","533,592,105 ",61.1 
202006,대전광역시,전체,일반용,"81,548 ","287,176,230 ","37,598,218,110 ",130.9 
202006,대전광역시,전체,주택용,"441,344 ","163,855,983 ","16,197,619,478 ",98.9 
202006,대전광역시,전체,합계,"590,185 ","756,235,997 ","89,694,346,388 ",118.6 
202006,부산광역시,전체,가로등,"86,175 ","12,511,353 ","1,496,725,593 ",119.6 
202006,부산광역시,전체,교육용,"1,148 ","29,564,414 ","3,502,375,499 ",118.5 
202006,부산광역시,전체,농사용,"11,739 ","7,810,979 ","406,167,025 ",52 
202006,부산광역시,전체,산업용,"24,916 ","654,257,817 ","84,092,618,050 ",128.5 
202006,부산광역시,전체,심 야,"19,274 ","12,936,063 ","817,611,909 ",63.2 
202006,부산광역시,전체,일반용,"188,698 ","514,525,288 ","70,733,864,451 ",137.5 
202006,부산광역시,전체,주택용,"954,489 ","383,410,345 ","39,529,199,916 ",103.1 
202006,부산광역시,전체,합계,"1,286,439 ","1,615,016,259 ","200,578,562,443 ",124.2 
202006,서울특별시,전체,가로등,"206,166 ","21,371,513 ","2,607,854,089 ",122 
202006,서울특별시,전체,교육용,"2,651 ","112,743,439 ","12,650,533,540 ",112.2 
202006,서울특별시,전체,농사용,"1,897 ","1,370,013 ","69,595,371 ",50.8 
202006,서울특별시,전체,산업용,"44,305 ","399,019,409 ","50,342,930,243 ",126.2 
202006,서울특별시,전체,심 야,"13,661 ","52,385,882 ","3,894,498,464 ",74.3 
202006,서울특별시,전체,일반용,"545,490 ","2,008,387,683 ","275,131,215,287 ",137 
202006,서울특별시,전체,주택용,"2,856,608 ","1,135,016,306 ","124,221,044,153 ",109.4 
202006,서울특별시,전체,합계,"3,670,778 ","3,730,294,245 ","468,917,671,147 ",125.7 
202006,세종특별자치시,전체,가로등,"13,615 ","2,403,537 ","296,785,535 ",123.5 
202006,세종특별자치시,전체,교육용,143 ,"4,556,885 ","509,865,479 ",111.9 
202006,세종특별자치시,전체,농사용,"9,703 ","6,877,335 ","329,675,480 ",47.9 
202006,세종특별자치시,전체,산업용,"1,644 ","150,826,418 ","17,440,576,056 ",115.6 
202006,세종특별자치시,전체,심 야,"7,260 ","2,601,958 ","148,092,717 ",56.9 
202006,세종특별자치시,전체,일반용,"13,570 ","58,582,865 ","8,180,813,416 ",139.6 
202006,세종특별자치시,전체,주택용,"53,556 ","43,500,041 ","4,507,917,699 ",103.6 
202006,세종특별자치시,전체,합계,"99,491 ","269,349,039 ","31,413,726,382 ",116.6 
202006,울산광역시,전체,가로등,"37,007 ","5,297,842 ","667,718,314 ",126 
202006,울산광역시,전체,교육용,428 ,"14,280,872 ","1,632,993,508 ",114.3 
202006,울산광역시,전체,농사용,"15,557 ","6,329,952 ","327,864,749 ",51.8 
202006,울산광역시,전체,산업용,"6,554 ","2,191,343,911 ","238,345,562,359 ",108.8 
202006,울산광역시,전체,심 야,"6,214 ","4,115,575 ","249,966,962 ",60.7 
202006,울산광역시,전체,일반용,"72,402 ","162,183,369 ","22,100,683,710 ",136.3 
202006,울산광역시,전체,주택용,"331,709 ","126,932,082 ","13,213,341,842 ",104.1 
202006,울산광역시,전체,합계,"469,871 ","2,510,483,603 ","276,538,131,444 ",110.2 
202006,인천광역시,전체,가로등,"70,094 ","11,057,082 ","1,403,693,013 ",126.9 
202006,인천광역시,전체,교육용,991 ,"22,553,797 ","2,976,284,375 ",132 
202006,인천광역시,전체,농사용,"25,936 ","11,309,029 ","565,570,515 ",50 
202006,인천광역시,전체,산업용,"19,609 ","1,019,159,757 ","121,981,476,181 ",119.7 
202006,인천광역시,전체,심 야,"14,707 ","10,024,817 ","610,250,003 ",60.9 
202006,인천광역시,전체,일반용,"139,639 ","456,878,865 ","62,690,376,885 ",137.2 
202006,인천광역시,전체,주택용,"753,355 ","342,191,422 ","36,658,233,746 ",107.1 
202006,인천광역시,전체,합계,"1,024,331 ","1,873,174,769 ","226,885,884,718 ",121.1 
202006,전라남도,전체,가로등,"181,667 ","17,910,017 ","2,243,577,706 ",125.3 
202006,전라남도,전체,교육용,"1,322 ","19,355,247 ","2,334,836,581 ",120.6 
202006,전라남도,전체,농사용,"295,378 ","269,922,807 ","12,522,129,799 ",46.4 
202006,전라남도,전체,산업용,"21,315 ","1,533,036,930 ","175,522,706,984 ",114.5 
202006,전라남도,전체,심 야,"42,488 ","23,224,261 ","1,298,289,590 ",55.9 
202006,전라남도,전체,일반용,"153,664 ","298,670,101 ","40,106,169,187 ",134.3 
202006,전라남도,전체,주택용,"757,795 ","199,355,905 ","21,257,597,472 ",106.6 
202006,전라남도,전체,합계,"1,453,629 ","2,361,475,268 ","255,285,307,319 ",108.1 
202006,전라북도,전체,가로등,"145,681 ","15,129,869 ","1,888,075,267 ",124.8 
202006,전라북도,전체,교육용,"1,244 ","22,459,117 ","2,764,263,648 ",123.1 
202006,전라북도,전체,농사용,"157,715 ","134,846,628 ","6,300,556,508 ",46.7 
202006,전라북도,전체,산업용,"15,786 ","847,588,043 ","99,226,281,948 ",117.1 
202006,전라북도,전체,심 야,"59,794 ","28,376,297 ","1,571,119,347 ",55.4 
202006,전라북도,전체,일반용,"142,856 ","284,697,221 ","39,048,965,229 ",137.2 
202006,전라북도,전체,주택용,"670,416 ","200,459,152 ","21,112,829,808 ",105.3 
202006,전라북도,전체,합계,"1,193,492 ","1,533,556,327 ","171,912,091,755 ",112.1 
202006,제주특별자치도,전체,가로등,"36,780 ","3,441,798 ","460,362,570 ",133.8 
202006,제주특별자치도,전체,교육용,355 ,"8,911,403 ","1,108,728,358 ",124.4 
202006,제주특별자치도,전체,농사용,"47,595 ","106,807,043 ","5,079,956,742 ",47.6 
202006,제주특별자치도,전체,산업용,"3,606 ","53,744,166 ","6,783,318,569 ",126.2 
202006,제주특별자치도,전체,심 야,"6,663 ","5,395,564 ","318,692,629 ",59.1 
202006,제주특별자치도,전체,일반용,"79,834 ","159,781,920 ","21,846,895,200 ",136.7 
202006,제주특별자치도,전체,주택용,"299,053 ","70,133,551 ","7,685,911,947 ",109.6 
202006,제주특별자치도,전체,합계,"473,886 ","408,215,445 ","43,283,866,015 ",106 
202006,충청남도,전체,가로등,"159,134 ","12,412,909 ","1,596,624,819 ",128.6 
202006,충청남도,전체,교육용,"1,140 ","27,254,221 ","3,392,426,694 ",124.5 
202006,충청남도,전체,농사용,"203,348 ","172,917,748 ","7,887,800,521 ",45.6 
202006,충청남도,전체,산업용,"22,390 ","3,196,077,695 ","368,136,329,033 ",115.2 
202006,충청남도,전체,심 야,"86,768 ","46,749,265 ","2,600,511,174 ",55.6 
202006,충청남도,전체,일반용,"169,684 ","351,820,369 ","48,300,394,386 ",137.3 
202006,충청남도,전체,주택용,"795,054 ","242,443,630 ","25,306,885,211 ",104.4 
202006,충청남도,전체,합계,"1,437,518 ","4,049,675,837 ","457,220,971,838 ",112.9 
202006,충청북도,전체,가로등,"107,252 ","14,371,700 ","1,753,807,572 ",122 
202006,충청북도,전체,교육용,784 ,"16,490,544 ","2,045,470,458 ",124 
202006,충청북도,전체,농사용,"139,164 ","68,645,538 ","3,434,272,603 ",50 
202006,충청북도,전체,산업용,"17,650 ","1,525,976,859 ","177,984,448,371 ",116.6 
202006,충청북도,전체,심 야,"86,589 ","35,458,185 ","1,969,775,304 ",55.6 
202006,충청북도,전체,일반용,"124,944 ","269,711,675 ","36,988,505,842 ",137.1 
202006,충청북도,전체,주택용,"622,043 ","182,956,934 ","19,479,943,246 ",106.5 
202006,충청북도,전체,합계,"1,098,426 ","2,113,611,435 ","243,656,223,396 ",115.3 
