"에너지원별(1)",에너지원별(2),에너지원별(3),에너지원별(4),2012,2012,2012,2012,2012,2012,2012,2012,2012,2012,2012,2012,2012,2012,2012,2012,2012,2013,2013,2013,2013,2013,2013,2013,2013,2013,2013,2013,2013,2013,2013,2013,2013,2013,2013,2014,2014,2014,2014,2014,2014,2014,2014,2014,2014,2014,2014,2014,2014,2014,2014,2014,2014,2015,2015,2015,2015,2015,2015,2015,2015,2015,2015,2015,2015,2015,2015,2015,2015,2015,2015,2016,2016,2016,2016,2016,2016,2016,2016,2016,2016,2016,2016,2016,2016,2016,2016,2016,2016,2017,2017,2017,2017,2017,2017,2017,2017,2017,2017,2017,2017,2017,2017,2017,2017,2017,2017,2018,2018,2018,2018,2018,2018,2018,2018,2018,2018,2018,2018,2018,2018,2018,2018,2018,2018,2019,2019,2019,2019,2019,2019,2019,2019,2019,2019,2019,2019,2019,2019,2019,2019,2019,2019,2020,2020,2020,2020,2020,2020,2020,2020,2020,2020,2020,2020,2020,2020,2020,2020,2020,2020,2021,2021,2021,2021,2021,2021,2021,2021,2021,2021,2021,2021,2021,2021,2021,2021,2021,2021,2022,2022,2022,2022,2022,2022,2022,2022,2022,2022,2022,2022,2022,2022,2022,2022,2022,2022
"에너지원별(1)",에너지원별(2),에너지원별(3),에너지원별(4),전국,서울,부산,대구,인천,광주,대전,울산,경기,강원,충북,충남,전북,전남,경북,경남,제주,전국,서울,부산,대구,인천,광주,대전,울산,세종,경기,강원,충북,충남,전북,전남,경북,경남,제주,전국,서울,부산,대구,인천,광주,대전,울산,세종,경기,강원,충북,충남,전북,전남,경북,경남,제주,전국,서울,부산,대구,인천,광주,대전,울산,세종,경기,강원,충북,충남,전북,전남,경북,경남,제주,전국,서울,부산,대구,인천,광주,대전,울산,세종,경기,강원,충북,충남,전북,전남,경북,경남,제주,전국,서울,부산,대구,인천,광주,대전,울산,세종,경기,강원,충북,충남,전북,전남,경북,경남,제주,전국,서울,부산,대구,인천,광주,대전,울산,세종,경기,강원,충북,충남,전북,전남,경북,경남,제주,전국,서울,부산,대구,인천,광주,대전,울산,세종,경기,강원,충북,충남,전북,전남,경북,경남,제주,전국,서울,부산,대구,인천,광주,대전,울산,세종,경기,강원,충북,충남,전북,전남,경북,경남,제주,전국,서울,부산,대구,인천,광주,대전,울산,세종,경기,강원,충북,충남,전북,전남,경북,경남,제주,전국,서울,부산,대구,인천,광주,대전,울산,세종,경기,강원,충북,충남,전북,전남,경북,경남,제주
"신·재생에너지 총발전량①+② (MWh)",소계,소계,소계,19498064,176227,103840,115232,513727,37232,8379,515504,1682266,1275023,1114117,3551423,676956,2952041,6006565,544958,224579,21437822,236189,144956,120338,536055,50189,13186,663442,720,1964118,1770317,1096294,3828864,708959,3022574,5900952,1101705,278962,26882190,256391,216239,107527,932945,61459,23511,584413,30371,1897065,1606493,760554,6060662,981230,3656260,7075102,1821132,810838,37078862,435992,265427,143797,866708,116864,29810,629800,38750,1854325,1522010,657422,6611242,1252727,11035093,7997362,2128017,1493517,40655803,434781,262619,163394,966861,130526,35050,887319,57245,2119851,1809446,1085464,7686273,1584559,11135415,8587810,1920144,1789046,46623321,595227,445744,161255,639902,156732,44437,1112128,60650,2244820,2767094,1098134,9003431,3455024,12347538,9324032,1679419,1487755,53665123,648640,572936,197016,745254,207138,71321,1340733,94713,3039182,3514752,1505716,10188066,5109846,12641507,10134295,1781652,1872355,52340558,620824,555757,213801,1096745,269032,108432,1145401,106914,3359322,3748855,1502675,9013117,5975546,10632701,9249434,1957535,2784464,43123776,646174,465586,226446,1474011,313908,125281,946151,155971,4162365,4854631,2155759,7329833,6841164,4938585,3694386,2312863,2480660,50657393,782277,616236,251812,2020296,345741,148871,902327,170224,4733827,5888937,2225401,8489538,8325469,6158271,4393519,2542146,2662500,57779999,723176,693590,293356,1911643,471271,224281,689744,169375,5269025,6479493,2785854,9023827,10385213,7481402,5315057,2867620,2996072
"신·재생에너지 총발전량①+② (MWh)",사업용,소계,소계,12768554,88382,75290,96783,486664,14111,1349,7721,1409950,1260248,1077115,3281767,597295,2919691,750163,491200,210828,15348683,140443,127726,97943,502171,23827,5244,105527,51,1846486,1732501,1051529,3807926,538457,2934135,1145150,1026515,263049,20910665,155995,192650,81791,908134,42805,10425,64285,16156,1784753,1547351,698171,6030146,852951,3597566,2444871,1700050,782566,23829002,323718,239933,107338,838658,86802,13843,266615,32622,1719246,1398929,581988,6576878,1143632,4102404,2976454,1954114,1465828,26806171,315842,236652,123388,933797,100902,16934,302567,49481,1912022,1771536,847867,7326301,1535813,4517044,3248641,1806892,1760492,31649620,470312,412686,111197,599207,131142,20733,550614,48266,1999811,2718679,1006383,8581389,3392678,5180144,3422014,1549877,1454487,37255151,467996,502330,121053,681748,158861,26893,594152,73545,2606976,3398197,1328358,9688935,4955445,5375307,3945786,1515352,1814218,38028933,416393,471595,133048,1017964,211505,34857,514579,81610,2869416,3601066,1286058,8557160,5787045,4916325,3778842,1639054,2712419,39791354,438369,371099,133032,1380003,247636,44663,645907,127139,3646637,4676896,1905070,7088521,6613105,4653913,3443625,1977255,2398484,46856560,561587,510457,158628,1907678,269954,55116,577982,138528,4163697,5682226,1948742,8156726,8061705,5826006,4102883,2165894,2568752,53154366,464244,564693,185954,1770371,376701,112075,383256,129900,4593272,6226302,2458115,8500371,10060735,7091288,4943687,2409541,2883863
"신·재생에너지 총발전량①+② (MWh)",자가용,소계,소계,6729510,87845,28550,18449,27063,23121,7030,507783,272316,14775,37002,269656,79661,32350,5256402,53758,13751,6089139,95746,17230,22395,33884,26362,7942,557915,670,117632,37817,44765,20938,170502,88438,4755802,75190,15912,5971525,100396,23588,25737,24811,18654,13086,520128,14215,112312,59142,62382,30517,128279,58693,4630231,121082,28272,13249860,112274,25495,36459,28049,30062,15966,363185,6128,135079,123081,75434,34363,109095,6932690,5020908,173903,27689,13849632,118939,25966,40006,33064,29624,18117,584752,7763,207829,37910,237598,359972,48745,6618371,5339169,113252,28555,14973701,124915,33058,50058,40695,25589,23703,561514,12384,245009,48415,91751,422042,62347,7167394,5902017,129542,33268,16409971,180644,70606,75963,63505,48277,44428,746581,21168,432206,116555,177358,499131,154402,7266201,6188509,266300,58137,14311625,204431,84161,80753,78781,57528,73576,630823,25304,489906,147789,216617,455957,188502,5716377,5470592,318481,72045,3332422,207805,94487,93414,94008,66272,80618,300244,28833,515728,177735,250689,241313,228059,284673,250761,335608,82176,3800833,220690,105779,93184,112618,75788,93755,324345,31696,570130,206711,276659,332812,263764,332265,290636,376253,93748,4625634,258933,128897,107401,141272,94570,112206,306488,39475,675753,253191,327739,523456,324479,390114,371370,458079,112209
"신·재생에너지 총발전량①+② (MWh)",① 재생에너지 합,소계,소계,-,-,-,-,-,-,-,-,-,-,-,-,-,-,-,-,-,-,-,-,-,-,-,-,-,-,-,-,-,-,-,-,-,-,-,25939134,200239,178316,75338,899876,58679,23295,559965,30371,1294112,1606251,760529,6045948,965631,3585700,7022974,1821073,810838,35983514,261194,240245,97731,778976,114593,29607,606914,38750,1247888,1521821,657402,6582841,1240738,10961748,7981593,2127955,1493517,39151720,254460,232292,111739,853899,128149,34768,868598,57245,1528856,1809260,1085349,7301312,1582625,11017456,8576742,1919923,1789046,43868299,268419,263002,119556,521410,154344,44062,1091472,60650,1621440,2766913,1097865,7689565,3454139,12240308,9308367,1679032,1487755,50198169,327731,311474,155315,537467,204749,70905,1324042,94698,2330906,3514375,1505401,8418858,5105813,12519390,10123634,1781056,1872355,49002632,340229,307621,180211,533773,266482,82730,1133628,106865,2566138,3747979,1502255,7835576,5970564,10452317,9236543,1955258,2784464,37202048,305085,281257,218595,520583,310682,93553,932221,116237,2929914,4805455,2155142,4494230,6832526,4770519,3662355,2293227,2480469,43668518,343803,322758,237111,522823,341185,111077,846768,126389,3280766,5740642,2170437,5845613,8314254,5928947,4357360,2516475,2662109,50405547,388180,365617,278409,564400,406332,139650,472944,128981,3723948,6203412,2579630,6570279,10274015,7189211,5285824,2839026,2995689
"신·재생에너지 총발전량①+② (MWh)",① 재생에너지 합,사업용,소계,-,-,-,-,-,-,-,-,-,-,-,-,-,-,-,-,-,-,-,-,-,-,-,-,-,-,-,-,-,-,-,-,-,-,-,19987849,105164,154969,49818,875618,42805,10425,42142,16156,1184617,1547351,698171,6015489,837394,3527481,2397632,1700050,782566,22751495,153318,215012,61589,751648,86802,13843,245554,32622,1115468,1398929,581988,6548562,1131676,4029443,2965099,1954114,1465828,25320946,140208,206720,72365,821622,100902,16934,285766,49481,1324373,1771536,847867,6941603,1533912,4399488,3240786,1806892,1760492,28916119,148398,230535,70567,481579,131142,20733,532002,48266,1380296,2718679,1006383,7268010,3391823,5073385,3409957,1549877,1454487,33811345,151973,241581,80977,474911,158861,26893,579463,73545,1903005,3397992,1328358,7920386,4951441,5253711,3938816,1515214,1814218,34740260,140870,224270,101548,456123,211505,31915,504833,81610,2082052,3600329,1286058,7380668,5782094,4736565,3770042,1637361,2712419,33928372,103329,187877,127530,428146,247636,36864,634160,87474,2422681,4627990,1905070,4254502,6605098,4487167,3415779,1958586,2398484,39938435,130332,219322,146764,413170,269682,42482,523841,94765,2721135,5534547,1894620,5514779,8051746,5598852,4071233,2142415,2568752,45859855,137330,239985,174410,427586,316377,52470,167847,89576,3060639,5951086,2252893,6049240,9951295,6801583,4919523,2384152,2883863
"신·재생에너지 총발전량①+② (MWh)",① 재생에너지 합,자가용,소계,-,-,-,-,-,-,-,-,-,-,-,-,-,-,-,-,-,-,-,-,-,-,-,-,-,-,-,-,-,-,-,-,-,-,-,5951286,95074,23347,25520,24258,15875,12870,517822,14215,109495,58901,62357,30458,128237,58219,4625342,121024,28272,13232019,107876,25234,36142,27327,27791,15764,361360,6128,132420,122892,75414,34278,109062,6932306,5016494,173841,27689,13830774,114252,25572,39374,32277,27248,17835,582832,7763,204483,37724,237482,359709,48713,6617967,5335956,113031,28555,14952179,120021,32467,48989,39831,23202,23328,559470,12384,241144,48234,91482,421554,62315,7166923,5898411,129155,33268,16386824,175759,69892,74338,62556,45888,44012,744579,21154,427902,116382,177043,498472,154372,7265679,6184818,265843,58137,14262371,199359,83351,78664,77650,54978,50815,628795,25255,484086,147650,216196,454908,188471,5715752,5466501,317897,72045,3273676,201755,93380,91065,92438,63045,56690,298061,28763,507233,177464,250072,239728,227429,283352,246576,334641,81985,3730083,213471,103437,90347,109653,71503,68595,322926,31625,559631,206096,275817,330834,262508,330095,286127,374060,93358,4545692,250850,125632,103999,136814,89955,87180,305097,39405,663309,252326,326737,521040,322720,387628,366301,454874,111826
"신·재생에너지 총발전량①+② (MWh)",② 신에너지 합,소계,소계,-,-,-,-,-,-,-,-,-,-,-,-,-,-,-,-,-,-,-,-,-,-,-,-,-,-,-,-,-,-,-,-,-,-,-,943056,56152,37923,32189,33069,2780,216,24448,-,602953,241,25,14715,15599,70560,52128,58,-,1095349,174797,25182,46066,87732,2271,202,22886,-,606437,189,20,28401,11989,73345,15769,62,-,1504083,180321,30327,51655,112962,2376,282,18721,-,590994,186,115,384961,1933,117960,11068,221,-,2755022,326809,182741,41699,118492,2388,375,20656,-,623380,181,269,1313866,886,107230,15664,388,-,3466954,320908,261462,41702,207787,2389,416,16691,15,708275,377,315,1769208,4033,122117,10661,596,-,3337926,280596,248136,33590,562972,2550,25702,11773,50,793184,876,421,1177541,4982,180385,12891,2277,-,5921728,341090,184330,7851,953427,3227,31727,13930,39734,1232451,49176,617,2835603,8638,168067,32031,19637,191,6988875,438474,293478,14701,1497473,4557,37794,55559,43834,1453062,148294,54965,2643925,11215,229324,36159,25672,390,7374452,334996,327973,14947,1347243,64940,84631,216800,40394,1545077,276081,206224,2453548,111198,292191,29233,28593,383
"신·재생에너지 총발전량①+② (MWh)",② 신에너지 합,사업용,소계,-,-,-,-,-,-,-,-,-,-,-,-,-,-,-,-,-,-,-,-,-,-,-,-,-,-,-,-,-,-,-,-,-,-,-,922817,50830,37681,31973,32516,-,-,22143,-,600136,-,-,14656,15557,70086,47239,-,-,1077507,170400,24921,45749,87010,-,-,21061,-,603778,-,-,28316,11956,72961,11355,-,-,1485225,175634,29932,51023,112175,-,-,16801,-,587649,-,-,384698,1901,117556,7855,-,-,2733501,321915,182151,40631,117627,-,-,18612,-,619515,-,-,1313379,854,106759,12058,-,-,3443807,316023,260749,40076,206838,-,-,14688,-,703971,205,-,1768549,4004,121596,6971,138,-,3288673,275523,247325,31501,561841,-,2942,9746,-,787364,737,-,1176492,4951,179760,8800,1693,-,5862982,335040,183222,5502,951857,-,7799,11747,39664,1223956,48906,-,2834019,8008,166746,27846,18669,-,6918125,431255,291136,11864,1494508,272,12634,54141,43763,1442562,147679,54122,2641947,9959,227154,31650,23479,-,7294511,326914,324708,11544,1342785,60324,59605,215409,40324,1532633,275216,205222,2451131,109439,289705,24164,25388,-
"신·재생에너지 총발전량①+② (MWh)",② 신에너지 합,자가용,소계,-,-,-,-,-,-,-,-,-,-,-,-,-,-,-,-,-,-,-,-,-,-,-,-,-,-,-,-,-,-,-,-,-,-,-,20239,5322,241,216,553,2780,216,2305,-,2817,241,25,58,42,474,4889,58,-,17842,4397,261,317,722,2271,202,1825,-,2659,189,20,85,33,384,4414,62,-,18858,4687,394,631,788,2376,282,1920,-,3346,186,115,263,32,404,3213,221,-,21521,4894,591,1069,864,2388,375,2044,-,3864,181,269,488,31,470,3606,388,-,23147,4885,713,1625,949,2389,416,2003,15,4304,172,315,660,30,522,3691,458,-,49254,5073,811,2089,1131,2550,22760,2027,50,5820,139,421,1049,31,625,4092,585,-,58746,6050,1107,2349,1570,3227,23928,2183,70,8495,270,617,1585,630,1321,4185,967,191,70750,7219,2342,2837,2965,4284,25160,1418,72,10500,615,843,1978,1256,2170,4509,2193,390,79942,8082,3265,3403,4458,4616,25026,1392,70,12444,865,1002,2416,1759,2487,5069,3205,383
"신·재생에너지 지역별 발전비중 (%)",소계,소계,소계,-,-,-,-,-,-,-,-,-,-,-,-,-,-,-,-,-,-,-,-,-,-,-,-,-,-,-,-,-,-,-,-,-,-,-,100.00,0.95,0.80,0.40,3.47,0.23,0.09,2.17,0.11,7.06,5.98,2.83,22.55,3.65,13.60,26.32,6.77,3.02,100.00,1.18,0.72,0.39,2.34,0.32,0.08,1.70,0.10,5.00,4.10,1.77,17.83,3.38,29.76,21.57,5.74,4.03,100.00,1.07,0.65,0.40,2.38,0.32,0.09,2.18,0.14,5.21,4.45,2.67,18.91,3.90,27.39,21.12,4.72,4.40,100.00,1.28,0.96,0.35,1.37,0.34,0.10,2.39,0.13,4.81,5.94,2.36,19.31,7.41,26.48,20.00,3.60,3.19,100.00,1.21,1.07,0.37,1.39,0.39,0.13,2.50,0.18,5.66,6.55,2.81,18.98,9.52,23.56,18.88,3.32,3.49,100.00,1.19,1.06,0.41,2.10,0.51,0.21,2.19,0.20,6.42,7.16,2.87,17.22,11.42,20.31,17.67,3.74,5.32,100.00,1.50,1.08,0.53,3.42,0.73,0.29,2.19,0.36,9.65,11.26,5.00,17.00,15.86,11.45,8.57,5.36,5.75,100.00,1.54,1.22,0.50,3.99,0.68,0.29,1.78,0.34,9.34,11.63,4.39,16.76,16.43,12.16,8.67,5.02,5.26,100.00,1.25,1.20,0.51,3.31,0.82,0.39,1.19,0.29,9.12,11.21,4.82,15.62,17.97,12.95,9.20,4.96,5.19
"① 재생에너지",태양광 (MWh),소계,소계,1103227,25710,11985,10948,14874,18012,7821,7407,53997,39008,44365,77763,177234,298001,201832,100234,14035,1605182,31263,55100,19994,22089,25412,12393,9639,425,80132,50036,62955,106297,275384,435203,243945,152886,22030,2556299,53021,68826,34871,38193,39232,22237,14006,7812,157574,137016,105491,183928,448670,669188,293314,234819,48102,3979158,74994,91376,49819,51238,85668,28604,21932,22453,233215,189132,168596,367688,724840,1017949,424086,334106,93462,5122441,86829,97528,61667,58627,99254,33987,24438,33763,298089,241720,234281,576116,935831,1267413,565179,395271,112449,7056219,105789,117514,76128,84845,133391,43066,39042,39496,400164,384631,360665,830746,1203832,1684211,836810,545261,170627,10154964,161941,161433,109238,126232,187934,65877,75098,59810,752791,701797,554732,1192135,1644913,2098429,1223261,811509,227832,14192911,200569,195180,144052,159073,250572,80403,95105,69222,1085862,1055609,803035,1735476,2340375,2771005,1712302,1130759,364312,19337964,228302,227625,170703,190865,292567,92382,124484,85394,1441434,1408461,1115632,2479172,3241991,3972969,2317698,1457496,490790,24717623,244804,268850,203414,222103,323404,107759,147698,94225,1764822,1831240,1407403,3094979,4231407,5198466,3076962,1823756,676330,30726260,290528,324351,253577,258249,390494,135265,177458,112270,2133592,2181578,1711676,3693682,5534009,6376158,4085780,2279853,787739
"① 재생에너지",태양광 (MWh),사업용,소계,852602,5731,4124,1925,5298,7542,1295,1377,15507,27464,22462,60224,162729,276307,185079,67282,8256,1302158,9432,46712,9431,10581,13786,5018,3072,51,36812,36000,35717,85491,245348,409921,224526,116163,14097,2132582,20116,57412,20340,20267,24095,10266,4352,6039,95797,115123,64700,153592,422817,630639,265977,185255,35794,3464576,30130,77165,33150,29268,69023,13767,9649,17033,157110,162639,118903,333561,694216,972810,390448,276757,78947,4491036,32413,78672,40559,32602,80588,16864,11455,26000,201688,208091,171885,532970,899409,1214806,523069,325784,94180,6220719,35155,90945,47831,49174,110191,20691,21206,27112,269729,338972,279003,772788,1155966,1617164,780862,457063,146867,8219173,38362,98890,58726,65488,142049,26893,36745,38657,440041,587855,398513,1045283,1504188,1908938,1066442,582716,179389,11759577,39190,116829,82179,81892,195597,31915,47753,43967,687554,911118,605671,1547863,2162670,2536757,1519137,848985,300499,16452484,43583,136752,99896,99094,229524,36864,70432,56631,977658,1233622,875883,2244663,3020066,3693137,2083240,1137923,413516,21444281,47615,167763,121912,115479,251906,42482,89913,62600,1247867,1627844,1139536,2820507,3973898,4881180,2802470,1463435,587874,26682924,52124,203830,154257,125697,300547,52470,108421,73232,1492491,1931527,1389816,3345851,5211344,5991772,3732454,1837387,679703
"① 재생에너지",태양광 (MWh),자가용,소계,250625,19979,7861,9023,9576,10470,6526,6030,38490,11544,21903,17539,14505,21694,16753,32952,5779,303024,21830,8388,10563,11507,11626,7375,6567,375,43320,14036,27238,20806,30036,25282,19419,36723,7933,423718,32905,11414,14531,17926,15137,11972,9654,1773,61777,21892,40790,30336,25853,38550,27337,49565,12308,514583,44864,14212,16669,21970,16645,14837,12283,5420,76105,26493,49693,34126,30623,45139,33638,57350,14515,631406,54415,18855,21108,26025,18666,17122,12983,7763,96401,33630,62395,43146,36423,52607,42110,69486,18269,835500,70635,26569,28297,35670,23200,22376,17836,12384,130436,45659,81663,57957,47865,67047,55948,88198,23760,1935790,123580,62544,50512,60744,45886,38984,38353,21154,312750,113943,156219,146852,140725,189491,156819,228794,48443,2433335,161379,78351,61873,77181,54976,48488,47353,25255,398308,144491,197363,187612,177705,234248,193165,281774,63813,2885480,184719,90873,70807,91770,63043,55518,54052,28763,463776,174839,239749,234509,221925,279832,234458,319574,77274,3273342,197189,101087,81502,106624,71499,65276,57786,31625,516955,203396,267867,274472,257510,317285,274492,360321,88456,4043336,238404,120521,99320,132552,89947,82795,69037,39038,641101,250051,321861,347831,322665,384385,353326,442466,108036
"① 재생에너지",풍력 (MWh),소계,소계,912760,177,421,12,31629,2,350,3609,6156,354347,14,22,11818,8377,288186,7408,200237,1148179,177,480,12,43533,2,350,2646,-,5618,467882,14,22,13508,26120,333286,7369,247161,1145556,177,526,18,47869,2,350,2645,-,5337,395137,14,22,11428,117352,292021,25515,247144,1342439,189,500,25,51869,2,374,2103,-,5714,397264,15,24,16395,160269,330704,28804,348188,1683142,188,540,25,48720,2,372,2609,-,5372,442635,15,1029,20494,236615,401733,56660,466133,2169014,202,403,27,51828,2,400,2294,-,5664,642665,16,2972,23135,306792,515380,79242,537994,2464879,209,513,28,42941,2,413,2476,-,5145,691429,17,3025,20660,352678,730469,78308,536566,2679248,191,341,25,43837,2,377,2287,-,4839,685508,26,2672,50718,488837,774049,75594,549944,3149948,204,253,26,52828,2,398,1514,-,5637,782333,28,3001,131208,576232,944038,74184,578062,3180017,198,67,25,39490,5,379,1745,-,4680,947359,49,2047,145910,525511,914994,68197,529363,3369458,202,69,26,38774,8,386,250,-,4495,954664,73,2133,161686,585571,913760,133380,573980
"① 재생에너지",풍력 (MWh),사업용,소계,908447,-,402,-,31625,-,-,3597,6111,352800,-,-,11802,7431,287503,7286,199893,1143549,-,461,-,43529,-,-,2634,-,5573,466335,-,-,13487,24906,332602,7247,246775,1138496,-,489,-,47866,-,-,2633,-,5291,393590,-,-,11401,115197,291336,24079,246612,1331877,-,404,-,51791,-,-,2091,-,5665,395575,-,-,16361,157428,329973,27235,345354,1672764,-,444,-,48642,-,-,2596,-,5324,440953,-,996,20460,233740,401005,55134,463468,2158913,-,298,-,51691,-,-,2281,-,5612,640828,-,2924,23099,303653,514599,77602,536328,2454329,-,401,-,42745,-,-,2462,-,5091,689450,-,2972,20623,349435,729661,76611,534877,2669463,-,239,-,43658,-,-,2275,-,4785,683585,-,2617,50689,485876,773311,74042,548385,3139475,-,146,-,52639,-,-,1500,-,5573,780223,-,2934,131169,573109,943247,72537,576396,3169833,-,4,-,39272,-,-,1730,-,4609,945255,-,1976,145862,522524,914218,66617,527766,3358850,-,5,-,38511,-,-,232,-,4418,952472,-,2021,161631,582492,912960,131769,572340
"① 재생에너지",풍력 (MWh),자가용,소계,4313,177,19,12,4,2,350,12,45,1547,14,22,16,946,683,122,344,4630,177,19,12,4,2,350,12,-,45,1547,14,22,21,1214,685,122,386,7061,177,37,18,4,2,350,12,-,46,1547,14,22,26,2155,685,1436,532,10562,189,96,25,78,2,374,12,-,49,1689,15,24,34,2841,731,1569,2834,10378,188,96,25,78,2,372,12,-,48,1682,15,33,34,2875,728,1526,2664,10101,202,105,27,137,2,400,13,-,52,1837,16,48,36,3139,782,1639,1666,10550,209,111,28,196,2,413,14,-,54,1979,17,53,37,3243,808,1697,1689,9785,191,102,25,179,2,377,12,-,55,1924,26,54,28,2960,737,1552,1559,10474,204,107,26,189,2,398,13,-,64,2110,28,67,39,3123,791,1647,1666,10184,198,62,25,218,5,379,15,-,71,2104,49,71,48,2987,776,1580,1596,10608,202,63,26,263,8,386,19,-,76,2192,73,112,55,3079,801,1611,1641
"① 재생에너지",수력 (MWh),소계,소계,3862087,-,27,8781,24856,2025,-,1965,797900,857193,1037100,89820,348728,123289,262913,307049,442,4228112,-,313,17470,26729,3397,-,1646,-,1004478,1094541,1004001,107582,209748,128372,269326,360069,440,2753925,1136,178,17208,35139,4416,548,490,10117,529406,612574,592308,89439,238530,133239,226892,260973,1333,2150013,1426,59,14494,40907,6067,553,1779,10007,372878,404506,359163,96996,229366,112093,212437,286150,1131,2858714,1492,102,15911,43418,8452,340,912,8041,568325,669374,625112,81840,191798,130429,227980,283193,1993,2819882,1213,57,5379,45095,9092,553,935,6529,550031,820037,661291,79376,172278,66976,213047,185484,2511,3374375,1107,87,4031,35170,7931,342,877,1,707774,964593,862168,76778,219193,77965,233370,180669,2320,2791076,1753,101,3751,39953,7105,245,1323,-,566631,708305,628407,76824,231799,94430,237721,189868,2861,3879383,1112,93,12951,39579,7795,241,1457,-,649895,1062271,1010026,61599,285784,114120,319014,310046,3399,3057210,618,41,14518,41096,8230,257,1144,-,633233,713162,731058,57296,238930,86132,292238,236059,3198,3544866,379,244,14966,30288,6269,122,437,-,717533,1169315,824421,52379,212888,56039,238520,218238,2829
"① 재생에너지",수력 (MWh),사업용,소계,3860364,-,-,8781,24856,2025,-,1965,796624,857193,1037100,89756,348728,123289,262913,307049,86,4222822,-,8,17470,25088,3397,-,1646,-,1002781,1092996,1004001,107531,209748,128372,269326,360064,393,2748254,1136,25,17208,34208,4416,-,490,10117,527482,611053,592291,89338,238530,133239,226892,260968,862,2142922,1426,27,14494,40333,6067,-,1779,10007,371493,403244,359147,96872,229366,112093,209672,286146,755,2855819,1492,36,15911,42852,8452,-,912,8041,566835,669374,625096,81794,191798,130429,227980,283193,1622,2816419,1213,16,5379,44232,9092,-,935,6529,548459,820037,661278,79322,172278,66976,213047,185484,2142,3371552,1107,30,4031,34599,7931,-,877,1,706387,964593,862164,76688,219193,77965,233370,180669,1949,2788609,1753,31,3751,39663,7105,-,1323,-,565136,708305,628399,76773,231799,94430,237721,189868,2553,3877175,1112,38,12951,39546,7795,-,1457,-,648370,1062271,1010026,61499,285784,114120,319014,310046,3145,3054616,618,35,14518,40391,8230,-,1144,-,631891,713162,731058,57229,238930,86132,292238,236059,2981,3541073,379,32,14966,28438,6269,-,437,-,716126,1169315,824421,52367,212888,56039,238520,218238,2638
"① 재생에너지",수력 (MWh),자가용,소계,1723,-,27,-,-,-,-,-,1276,-,-,64,-,-,-,-,356,5290,-,305,-,1641,-,-,-,-,1697,1545,-,51,-,-,-,5,47,5670,-,154,-,931,-,548,-,-,1924,1520,17,101,-,-,-,5,471,7091,-,32,-,574,-,553,-,-,1385,1262,16,124,-,-,2765,4,376,2895,-,66,-,566,-,340,-,-,1490,-,16,46,-,-,-,-,371,3463,-,41,-,863,-,553,-,-,1572,-,12,54,-,-,-,-,369,2823,-,57,-,571,-,342,-,-,1387,-,4,90,-,-,-,-,371,2467,-,70,-,290,-,245,-,-,1496,-,8,51,-,-,-,-,308,2208,-,55,-,33,-,241,-,-,1525,-,-,100,-,-,-,-,253,2595,-,7,-,705,-,257,-,-,1342,-,-,67,-,-,-,-,217,3793,-,212,-,1850,-,122,-,-,1408,-,-,12,-,-,-,-,190
"① 재생에너지",해양 (MWh),소계,소계,465924,-,-,-,-,-,-,-,465924,-,-,-,-,-,-,-,-,483777,-,-,-,-,-,-,-,-,483777,-,-,-,-,-,-,-,-,492172,-,-,-,-,-,-,-,-,492172,-,-,-,-,-,-,-,-,496354,-,-,-,-,-,-,-,-,496354,-,-,-,-,-,-,-,-,495556,-,-,-,-,-,-,-,-,495556,-,-,-,-,-,-,-,-,489466,-,-,-,-,-,-,-,-,489466,-,-,-,-,-,-,-,-,485353,-,-,-,-,-,-,-,-,485353,-,-,-,-,-,-,-,-,474321,-,-,-,-,-,-,-,-,474321,-,-,-,-,-,-,-,0,457263,-,-,-,-,-,-,-,-,457257,-,-,-,-,-,-,-,6,454980,-,-,-,-,-,-,-,-,454961,-,-,-,-,13,-,-,6,423843,-,-,-,-,-,-,-,-,423839,-,-,-,-,3,-,-,1
"① 재생에너지",해양 (MWh),사업용,소계,465924,-,-,-,-,-,-,-,465924,-,-,-,-,-,-,-,-,483777,-,-,-,-,-,-,-,-,483777,-,-,-,-,-,-,-,-,492172,-,-,-,-,-,-,-,-,492172,-,-,-,-,-,-,-,-,496354,-,-,-,-,-,-,-,-,496354,-,-,-,-,-,-,-,-,495556,-,-,-,-,-,-,-,-,495556,-,-,-,-,-,-,-,-,489466,-,-,-,-,-,-,-,-,489466,-,-,-,-,-,-,-,-,485353,-,-,-,-,-,-,-,-,485353,-,-,-,-,-,-,-,-,474321,-,-,-,-,-,-,-,-,474321,-,-,-,-,-,-,-,0,457263,-,-,-,-,-,-,-,-,457257,-,-,-,-,-,-,-,6,454980,-,-,-,-,-,-,-,-,454961,-,-,-,-,13,-,-,6,423843,-,-,-,-,-,-,-,-,423839,-,-,-,-,3,-,-,1
"① 재생에너지",바이오 (MWh),소계,소계,1027251,13457,17806,16862,419188,4544,54,275940,800,13563,4796,75642,73416,9896,1251,96902,3134,1839568,57180,15133,19207,429071,3209,226,273917,-,915,136516,3327,191181,128912,32373,551,545551,2299,4656238,17281,16862,20268,763705,5949,159,308915,-,28148,431328,6793,941454,206537,165008,235,1242699,500897,5546583,48997,15796,21515,593432,6136,76,457880,-,44721,426224,8713,1418489,199411,90036,2730,1171655,1040772,6237564,44648,14618,22702,647645,6180,70,520289,7089,58033,407425,9257,1802427,295318,59369,2292,1138980,1201221,7466664,43273,14892,23232,282237,4545,43,758823,2170,56851,872775,8380,1733694,1985428,76147,6863,828161,769151,9363229,40499,11336,25236,262440,2901,-,784868,20496,253217,1084511,7308,1890056,3163041,37854,10452,671011,1098003,10415632,37612,9123,22390,265584,2303,-,723555,25036,315130,1238396,10547,2037524,3310551,24132,17576,515194,1860981,9938354,29554,9827,29663,228842,4779,-,799437,25790,302620,1527599,8846,1933197,3157632,45367,29698,434237,1371267,11788068,28706,14294,14158,210856,3107,-,689987,27461,346957,2225996,8492,2677939,3676706,57690,22778,372760,1410179,11927592,27783,12534,6072,228231,3051,-,290267,12460,379897,1883771,8211,2810616,4347686,93969,19547,191845,1611653
"① 재생에너지",바이오 (MWh),사업용,소계,654430,-,17703,10891,410822,4544,54,-,101,13563,3765,75642,8318,8280,1251,96902,2593,1366716,19644,15133,12464,414614,3209,226,-,-,172,133059,3327,191181,7687,29749,551,533941,1759,4225476,1642,16862,12270,763500,5213,159,34667,-,27167,427584,4196,941454,104179,157679,235,1229372,499297,5165641,32203,15796,13945,593432,6136,76,194469,-,39817,426224,5117,1418485,121006,87792,167,1170204,1040772,5940066,30399,14618,15894,647645,6180,70,261070,7089,45021,407425,8567,1802427,295293,59138,0,1138008,1201221,7178784,32990,14892,17357,282237,4545,43,499180,2170,46762,872775,7711,1733694,1985396,75916,5806,828161,769151,9076016,32093,11336,18220,262440,2901,-,528201,20496,241210,1084511,6916,1889367,3163009,37595,8707,671011,1098003,10111154,32048,9123,15618,265584,2303,-,445915,25036,306301,1238396,7908,2036585,3310551,23705,15907,515194,1860981,9664364,27749,9827,14619,228842,4779,-,558487,25790,294247,1527599,6787,1928952,3157632,44970,28582,434237,1371267,11454757,28706,14294,10287,210856,3107,-,428017,27461,338567,2225996,6341,2622595,3676706,57293,21676,372676,1410179,11503337,27783,10614,5187,228231,3051,-,55475,12460,374028,1883771,6231,2638367,4347686,93806,13151,191845,1611653
"① 재생에너지",바이오 (MWh),자가용,소계,372821,13457,103,5971,8366,-,-,275940,699,-,1031,-,65098,1616,-,-,541,472852,37536,-,6743,14457,-,-,273917,-,743,3457,-,-,121225,2624,-,11611,540,430762,15639,-,7998,205,736,-,274248,-,981,3744,2597,-,102358,7329,-,13327,1600,380942,16794,-,7570,-,-,-,263411,-,4904,-,3596,4,78405,2244,2563,1451,-,297498,14249,-,6808,-,-,-,259219,-,13012,-,690,-,25,231,2292,972,-,287879,10283,-,5875,-,-,-,259643,-,10089,-,669,-,32,231,1057,-,-,287213,8406,-,7016,-,-,-,256667,-,12007,-,392,689,32,259,1745,-,-,304478,5564,-,6772,-,-,-,277640,-,8829,-,2639,939,-,427,1669,-,-,273990,1805,-,15044,-,-,-,240950,-,8373,-,2059,4246,-,397,1116,-,-,333310,-,-,3871,-,-,-,261970,-,8390,-,2151,55345,-,397,1102,85,-,424255,-,1920,885,-,-,-,234792,-,5869,-,1980,172249,-,163,6396,-,-
"① 재생에너지",바이오 (MWh),바이오가스,소계,38973,13457,4649,5971,4333,-,-,-,800,1397,1031,355,146,1616,-,4440,779,99810,57180,2385,6743,8181,-,-,-,-,915,3457,6,334,2552,1605,-,15878,573,94931,17281,1601,7998,935,5,-,-,-,22466,5546,3571,309,12822,2770,-,17714,1913,121142,43274,478,7570,9122,80,-,-,-,19979,4845,2887,2710,13867,3848,2500,7860,2122,138600,44648,-,6808,8898,-,-,-,-,34926,4798,6650,3662,12829,1703,2292,8181,3205,170599,43273,-,5875,9813,-,-,-,-,47044,4852,6371,7873,24821,852,6863,9454,3509,175007,40499,-,7016,10509,-,-,-,-,51059,5517,5655,8572,22171,899,7758,12455,2897,195247,37612,-,6772,18270,-,-,-,-,53175,10184,9478,12712,23501,1624,8347,11428,2145,179046,29554,2694,15044,18563,-,-,-,-,40184,11242,8086,11159,21281,1104,6985,10988,2162,191081,28706,5792,3871,16138,-,-,-,-,60627,12431,7884,12176,23314,1362,7885,8917,1977,152742,27783,6051,885,18425,-,-,-,-,32676,11306,7703,12051,16314,1477,8136,7217,2718
"① 재생에너지",바이오 (MWh),바이오가스,사업용,15461,-,4546,-,4333,-,-,-,101,1397,-,355,51,-,-,4440,238,37480,19644,2385,-,8181,-,-,-,-,172,-,6,334,2457,-,-,4267,33,47507,1642,1601,-,935,5,-,-,-,21485,1802,1679,309,11903,1430,-,4403,313,92207,32203,478,-,9122,80,-,-,-,15075,4845,2887,2710,13793,2483,-,6409,2122,100320,30399,-,-,8898,-,-,-,-,21914,4798,5960,3662,12804,1472,-,7209,3205,142362,32990,-,-,9813,-,-,-,-,36955,4852,5702,7873,24789,621,5806,9454,3509,144461,32093,-,-,10509,-,-,-,-,39052,5517,5263,7883,22139,640,6013,12455,2897,168409,32048,-,-,18270,-,-,-,-,44346,10184,6839,11773,23501,1197,6678,11428,2145,149710,27749,2694,-,18563,-,-,-,-,31811,11242,6027,10617,21281,708,5869,10988,2162,174406,28706,5792,-,16138,-,-,-,-,52238,12431,5733,11496,23314,966,6783,8832,1977,135429,27783,4131,-,18425,-,-,-,-,26807,11306,5723,11953,16314,1314,1739,7217,2718
"① 재생에너지",바이오 (MWh),바이오가스,자가용,23512,13457,103,5971,-,-,-,-,699,-,1031,-,95,1616,-,-,541,62330,37536,-,6743,-,-,-,-,-,743,3457,-,-,96,1605,-,11611,540,47424,15639,-,7998,-,-,-,-,-,981,3744,1892,-,919,1340,-,13311,1600,28935,11071,-,7570,-,-,-,-,-,4904,-,-,-,74,1365,2500,1451,-,38279,14249,-,6808,-,-,-,-,-,13012,-,690,-,25,231,2292,972,-,28236,10283,-,5875,-,-,-,-,-,10089,-,669,-,32,231,1057,-,-,30546,8406,-,7016,-,-,-,-,-,12007,-,392,689,32,259,1745,-,-,26838,5564,-,6772,-,-,-,-,-,8829,-,2639,939,-,427,1669,-,-,29336,1805,-,15044,-,-,-,-,-,8373,-,2059,542,-,397,1116,-,-,16675,-,-,3871,-,-,-,-,-,8390,-,2151,679,-,397,1102,85,-,17312,-,1920,885,-,-,-,-,-,5869,-,1980,99,-,163,6396,-,-
"① 재생에너지",바이오 (MWh),매립지가스,소계,419409,-,13157,-,382131,4544,54,-,-,-,3765,-,457,8280,1251,3414,2355,293298,-,12747,-,256835,3209,226,-,-,-,-,3321,-,507,10120,551,4055,1726,253024,-,15261,-,205961,5944,159,-,-,-,-,2517,-,2184,16173,235,3169,1421,252312,5723,15318,-,208360,6056,76,-,-,-,-,2230,-,0,10679,167,1161,2542,238584,-,14618,-,202857,6180,70,-,-,-,587,2607,-,-,8994,0,330,2342,255827,-,14892,-,221244,4545,43,-,-,-,2859,2009,-,-,7738,-,0,2497,242172,-,11336,-,213783,2901,-,-,-,-,2615,1653,-,1046,6294,-,-,2543,239527,-,9123,-,211883,2303,-,-,-,-,2891,1069,-,2760,7023,-,270,2204,180043,-,7133,-,154988,4779,-,-,-,-,2049,760,-,344,6971,-,1030,1988,187485,-,8502,-,165191,3107,-,-,-,-,1654,608,-,-,6090,-,2,2330,206760,-,6483,-,188584,3051,-,-,-,-,1251,508,-,-,5106,-,-,1778
"① 재생에너지",바이오 (MWh),매립지가스,사업용,419409,-,13157,-,382131,4544,54,-,-,-,3765,-,457,8280,1251,3414,2355,293298,-,12747,-,256835,3209,226,-,-,-,-,3321,-,507,10120,551,4055,1726,246543,-,15261,-,205961,5208,159,-,-,-,-,2517,-,2184,10444,235,3153,1421,246589,-,15318,-,208360,6056,76,-,-,-,-,2230,-,0,10679,167,1161,2542,238584,-,14618,-,202857,6180,70,-,-,-,587,2607,-,-,8994,0,330,2342,255827,-,14892,-,221244,4545,43,-,-,-,2859,2009,-,-,7738,-,0,2497,242172,-,11336,-,213783,2901,-,-,-,-,2615,1653,-,1046,6294,-,-,2543,239527,-,9123,-,211883,2303,-,-,-,-,2891,1069,-,2760,7023,-,270,2204,180043,-,7133,-,154988,4779,-,-,-,-,2049,760,-,344,6971,-,1030,1988,187485,-,8502,-,165191,3107,-,-,-,-,1654,608,-,-,6090,-,2,2330,206760,-,6483,-,188584,3051,-,-,-,-,1251,508,-,-,5106,-,-,1778
"① 재생에너지",바이오 (MWh),매립지가스,자가용,-,-,-,-,-,-,-,-,-,-,-,-,-,-,-,-,-,-,-,-,-,-,-,-,-,-,-,-,-,-,-,-,-,-,-,6481,-,-,-,-,736,-,-,-,-,-,-,-,-,5729,-,16,-,5723,5723,-,-,-,-,-,-,-,-,-,-,-,-,-,-,-,-,-,-,-,-,-,-,-,-,-,-,-,-,-,-,-,-,-,-,-,-,-,-,-,-,-,-,-,-,-,-,-,-,-,-,-,-,-,-,-,-,-,-,-,-,-,-,-,-,-,-,-,-,-,-,-,-,-,-,-,-,-,-,-,-,-,-,-,-,-,-,-,-,-,-,-,-,-,-,-,-,-,-,-,-,-,-,-,-,-,-,-,-,-,-,-,-,-,-,-,-,-,-,-,-,-,-,-,-,-,-,-,-,-,-,-,-,-,-,-,-,-,-,-,-,-,-
"① 재생에너지",바이오 (MWh),우드칩,소계,88060,-,-,10891,-,-,-,-,-,12166,-,-,65003,-,-,-,-,119712,-,-,12464,22629,-,-,-,-,-,27018,-,-,56582,1019,-,-,-,106168,-,-,11792,13140,-,-,-,-,-,-,-,-,80976,260,-,-,-,132176,-,-,12710,12905,-,-,-,-,6396,-,-,-,83492,879,-,-,15794,54486,-,-,13399,4105,-,-,-,-,6786,-,-,9617,-,-,-,-,20579,52518,-,-,14843,13914,-,-,-,-,-,-,-,-,1234,-,-,-,22528,53786,-,-,16503,21341,-,-,-,-,-,-,-,-,-,-,-,-,15942,41753,-,-,15618,11415,-,-,-,-,-,1634,-,-,3241,2496,-,-,7349,99242,-,-,14619,653,-,-,-,-,24380,12628,-,3704,19436,19014,-,-,4809,222248,-,-,10287,3039,-,-,-,-,23148,33411,-,54665,61416,36282,-,-,-,319428,-,-,5187,1278,-,-,-,-,-,-,-,219746,32047,61170,-,-,-
"① 재생에너지",바이오 (MWh),우드칩,사업용,23057,-,-,10891,-,-,-,-,-,12166,-,-,-,-,-,-,-,62111,-,-,12464,22629,-,-,-,-,-,27018,-,-,-,-,-,-,-,105908,-,-,11792,13140,-,-,-,-,-,-,-,-,80976,-,-,-,-,131297,-,-,12710,12905,-,-,-,-,6396,-,-,-,83492,-,-,-,15794,54486,-,-,13399,4105,-,-,-,-,6786,-,-,9617,-,-,-,-,20579,52518,-,-,14843,13914,-,-,-,-,-,-,-,-,1234,-,-,-,22528,53786,-,-,16503,21341,-,-,-,-,-,-,-,-,-,-,-,-,15942,41753,-,-,15618,11415,-,-,-,-,-,1634,-,-,3241,2496,-,-,7349,95538,-,-,14619,653,-,-,-,-,24380,12628,-,-,19436,19014,-,-,4809,167583,-,-,10287,3039,-,-,-,-,23148,33411,-,-,61416,36282,-,-,-,319428,-,-,5187,1278,-,-,-,-,-,-,-,219746,32047,61170,-,-,-
"① 재생에너지",바이오 (MWh),우드칩,자가용,65003,-,-,-,-,-,-,-,-,-,-,-,65003,-,-,-,-,57601,-,-,-,-,-,-,-,-,-,-,-,-,56582,1019,-,-,-,260,-,-,-,-,-,-,-,-,-,-,-,-,-,260,-,-,-,879,-,-,-,-,-,-,-,-,-,-,-,-,-,879,-,-,-,-,-,-,-,-,-,-,-,-,-,-,-,-,-,-,-,-,-,-,-,-,-,-,-,-,-,-,-,-,-,-,-,-,-,-,-,-,-,-,-,-,-,-,-,-,-,-,-,-,-,-,-,-,-,-,-,-,-,-,-,-,-,-,-,-,-,-,-,-,-,-,-,3704,-,-,-,-,-,-,-,-,-,-,-,3704,-,-,-,-,-,54665,-,-,-,-,-,-,-,-,-,-,-,54665,-,-,-,-,-,-,-,-,-,-,-,-,-,-,-,-,-,-,-,-,-,-,-
"① 재생에너지",바이오 (MWh),목재펠릿,소계,83015,-,-,-,-,-,-,-,-,-,-,-,-,-,-,83015,-,696539,-,-,-,104336,-,-,-,-,-,34186,-,83525,-,19628,-,454864,-,2764069,-,-,-,543464,-,-,-,-,-,106053,-,822619,1093,145805,-,1145035,-,2512521,-,-,-,363045,-,-,-,-,-,113772,3596,875609,5728,68487,63,1082221,-,2679313,-,-,-,414081,-,-,-,-,-,81714,-,908288,170747,48673,-,1055810,-,3722931,-,-,-,21470,-,-,-,-,-,545131,-,739000,1621162,67557,-,728611,-,4837318,-,-,-,-,-,-,-,-,-,808631,-,690231,2765667,30584,163,542041,-,4959229,-,-,-,-,-,-,-,-,-,912508,-,655846,2891365,9757,-,489754,-,4926845,-,-,-,-,-,-,-,-,-,1267797,-,627000,2709205,-,-,322842,-,6794232,-,-,-,-,-,-,-,-,-,1995576,-,1364378,3193072,-,-,241206,-,7393419,-,-,-,-,-,-,-,-,-,1667245,-,1627134,3967655,-,-,131386,-
"① 재생에너지",바이오 (MWh),목재펠릿,사업용,83015,-,-,-,-,-,-,-,-,-,-,-,-,-,-,83015,-,696539,-,-,-,104336,-,-,-,-,-,34186,-,83525,-,19628,-,454864,-,2764069,-,-,-,543464,-,-,-,-,-,106053,-,822619,1093,145805,-,1145035,-,2508862,-,-,-,363045,-,-,-,-,-,113772,-,875609,5728,68487,-,1082221,-,2679313,-,-,-,414081,-,-,-,-,-,81714,-,908288,170747,48673,-,1055810,-,3722931,-,-,-,21470,-,-,-,-,-,545131,-,739000,1621162,67557,-,728611,-,4837318,-,-,-,-,-,-,-,-,-,808631,-,690231,2765667,30584,163,542041,-,4959229,-,-,-,-,-,-,-,-,-,912508,-,655846,2891365,9757,-,489754,-,4926845,-,-,-,-,-,-,-,-,-,1267797,-,627000,2709205,-,-,322842,-,6794232,-,-,-,-,-,-,-,-,-,1995576,-,1364378,3193072,-,-,241206,-,7393419,-,-,-,-,-,-,-,-,-,1667245,-,1627134,3967655,-,-,131386,-
"① 재생에너지",바이오 (MWh),목재펠릿,자가용,-,-,-,-,-,-,-,-,-,-,-,-,-,-,-,-,-,-,-,-,-,-,-,-,-,-,-,-,-,-,-,-,-,-,-,-,-,-,-,-,-,-,-,-,-,-,-,-,-,-,-,-,-,3659,-,-,-,-,-,-,-,-,-,-,3596,-,-,-,63,-,-,-,-,-,-,-,-,-,-,-,-,-,-,-,-,-,-,-,-,-,-,-,-,-,-,-,-,-,-,-,-,-,-,-,-,-,-,-,-,-,-,-,-,-,-,-,-,-,-,-,-,-,-,-,-,-,-,-,-,-,-,-,-,-,-,-,-,-,-,-,-,-,-,-,-,-,-,-,-,-,-,-,-,-,-,-,-,-,-,-,-,-,-,-,-,-,-,-,-,-,-,-,-,-,-,-,-,-,-,-,-,-,-,-,-,-,-,-,-,-,-,-,-,-,-,-,-
"① 재생에너지",바이오 (MWh),폐목재,소계,40534,-,-,-,32724,-,-,-,-,-,-,-,7810,-,-,-,-,178215,-,-,-,37089,-,-,-,-,-,71856,-,-,69270,-,-,-,-,90472,-,-,-,205,-,-,-,-,-,-,-,-,90267,-,-,-,-,96324,-,-,-,-,-,-,-,-,-,-,-,-,96324,-,-,-,-,-,-,-,-,-,-,-,-,-,-,-,-,-,-,-,-,-,-,-,-,-,-,-,-,-,-,-,-,-,-,-,-,-,-,-,-,-,-,-,-,-,-,-,-,-,-,-,-,-,-,-,-,-,-,-,-,-,-,-,-,-,-,-,-,-,-,-,-,-,-,-,-,-,-,-,-,-,-,-,-,-,-,-,-,-,-,-,-,-,-,-,-,-,-,-,-,-,-,-,-,-,-,-,-,-,-,-,-,-,-,-,-,-,-,-,-,-,-,-,-,-,-,-,-,-,-
"① 재생에너지",바이오 (MWh),폐목재,사업용,32168,-,-,-,24358,-,-,-,-,-,-,-,7810,-,-,-,-,99211,-,-,-,22632,-,-,-,-,-,71856,-,-,4723,-,-,-,-,-,-,-,-,-,-,-,-,-,-,-,-,-,-,-,-,-,-,17993,-,-,-,-,-,-,-,-,-,-,-,-,17993,-,-,-,-,-,-,-,-,-,-,-,-,-,-,-,-,-,-,-,-,-,-,-,-,-,-,-,-,-,-,-,-,-,-,-,-,-,-,-,-,-,-,-,-,-,-,-,-,-,-,-,-,-,-,-,-,-,-,-,-,-,-,-,-,-,-,-,-,-,-,-,-,-,-,-,-,-,-,-,-,-,-,-,-,-,-,-,-,-,-,-,-,-,-,-,-,-,-,-,-,-,-,-,-,-,-,-,-,-,-,-,-,-,-,-,-,-,-,-,-,-,-,-,-,-,-,-,-,-,-
"① 재생에너지",바이오 (MWh),폐목재,자가용,8366,-,-,-,8366,-,-,-,-,-,-,-,-,-,-,-,-,79004,-,-,-,14457,-,-,-,-,-,-,-,-,64547,-,-,-,-,90472,-,-,-,205,-,-,-,-,-,-,-,-,90267,-,-,-,-,78331,-,-,-,-,-,-,-,-,-,-,-,-,78331,-,-,-,-,-,-,-,-,-,-,-,-,-,-,-,-,-,-,-,-,-,-,-,-,-,-,-,-,-,-,-,-,-,-,-,-,-,-,-,-,-,-,-,-,-,-,-,-,-,-,-,-,-,-,-,-,-,-,-,-,-,-,-,-,-,-,-,-,-,-,-,-,-,-,-,-,-,-,-,-,-,-,-,-,-,-,-,-,-,-,-,-,-,-,-,-,-,-,-,-,-,-,-,-,-,-,-,-,-,-,-,-,-,-,-,-,-,-,-,-,-,-,-,-,-,-,-,-,-,-
"① 재생에너지",바이오 (MWh),흑액,소계,275940,-,-,-,-,-,-,275940,-,-,-,-,-,-,-,-,-,273917,-,-,-,-,-,-,273917,-,-,-,-,-,-,-,-,-,-,274248,-,-,-,-,-,-,274248,-,-,-,-,-,-,-,-,-,-,263411,-,-,-,-,-,-,263411,-,-,-,-,-,-,-,-,-,-,259219,-,-,-,-,-,-,259219,-,-,-,-,-,-,-,-,-,-,259643,-,-,-,-,-,-,259643,-,-,-,-,-,-,-,-,-,-,256667,-,-,-,-,-,-,256667,-,-,-,-,-,-,-,-,-,-,277640,-,-,-,-,-,-,277640,-,-,-,-,-,-,-,-,-,-,240950,-,-,-,-,-,-,240950,-,-,-,-,-,-,-,-,-,-,261970,-,-,-,-,-,-,261970,-,-,-,-,-,-,-,-,-,-,234792,-,-,-,-,-,-,234792,-,-,-,-,-,-,-,-,-,-
"① 재생에너지",바이오 (MWh),흑액,자가용,275940,-,-,-,-,-,-,275940,-,-,-,-,-,-,-,-,-,273917,-,-,-,-,-,-,273917,-,-,-,-,-,-,-,-,-,-,274248,-,-,-,-,-,-,274248,-,-,-,-,-,-,-,-,-,-,263411,-,-,-,-,-,-,263411,-,-,-,-,-,-,-,-,-,-,259219,-,-,-,-,-,-,259219,-,-,-,-,-,-,-,-,-,-,259643,-,-,-,-,-,-,259643,-,-,-,-,-,-,-,-,-,-,256667,-,-,-,-,-,-,256667,-,-,-,-,-,-,-,-,-,-,277640,-,-,-,-,-,-,277640,-,-,-,-,-,-,-,-,-,-,240950,-,-,-,-,-,-,240950,-,-,-,-,-,-,-,-,-,-,261970,-,-,-,-,-,-,261970,-,-,-,-,-,-,-,-,-,-,234792,-,-,-,-,-,-,234792,-,-,-,-,-,-,-,-,-,-
"① 재생에너지",바이오 (MWh),하수슬러지 고형연료,소계,81320,-,-,-,-,-,-,-,-,-,-,75287,-,-,-,6033,-,178077,-,-,-,-,-,-,-,-,-,-,-,107322,-,-,-,70755,-,195307,-,-,-,-,-,-,-,-,-,-,-,118526,-,-,-,76781,-,282542,-,-,-,-,-,-,-,-,-,-,-,202129,-,-,-,80413,-,284973,-,-,-,-,-,-,-,-,-,-,-,210314,-,-,-,74659,-,331095,-,-,-,-,-,-,-,-,-,-,-,240998,-,-,-,90097,-,405314,-,-,-,-,-,-,-,-,-,-,-,286936,-,-,2531,115847,-,338143,-,-,-,-,-,-,-,-,-,-,-,328914,-,-,9229,-,-,410193,-,-,-,-,-,-,-,-,-,-,-,299073,-,-,22713,88408,-,406146,-,-,-,-,-,-,-,-,-,-,-,306950,-,-,14893,84303,-,73784,-,-,-,-,-,-,-,-,-,-,-,62373,-,-,11412,-,-
"① 재생에너지",바이오 (MWh),하수슬러지 고형연료,사업용,81320,-,-,-,-,-,-,-,-,-,-,75287,-,-,-,6033,-,178077,-,-,-,-,-,-,-,-,-,-,-,107322,-,-,-,70755,-,195307,-,-,-,-,-,-,-,-,-,-,-,118526,-,-,-,76781,-,282542,-,-,-,-,-,-,-,-,-,-,-,202129,-,-,-,80413,-,284973,-,-,-,-,-,-,-,-,-,-,-,210314,-,-,-,74659,-,331095,-,-,-,-,-,-,-,-,-,-,-,240998,-,-,-,90097,-,405314,-,-,-,-,-,-,-,-,-,-,-,286936,-,-,2531,115847,-,338143,-,-,-,-,-,-,-,-,-,-,-,328914,-,-,9229,-,-,410193,-,-,-,-,-,-,-,-,-,-,-,299073,-,-,22713,88408,-,406146,-,-,-,-,-,-,-,-,-,-,-,306950,-,-,14893,84303,-,73784,-,-,-,-,-,-,-,-,-,-,-,62373,-,-,11412,-,-
"① 재생에너지",바이오 (MWh),Bio-SRF,소계,-,-,-,-,-,-,-,-,-,-,-,-,-,-,-,-,-,-,-,-,-,-,-,-,-,-,-,-,-,-,-,-,-,-,-,341254,-,-,478,-,-,-,-,-,1147,319729,705,-,19195,-,-,-,-,652965,-,-,1174,-,-,-,-,-,-,307607,-,338041,-,6143,-,-,-,1127409,-,-,-,17704,-,-,-,7089,-,320327,-,670546,111742,-,-,-,-,1431740,-,-,-,15796,-,-,-,2170,9807,319933,-,745822,338211,-,-,-,-,1782965,-,-,-,16807,-,-,-,20496,198697,267747,-,904317,374157,77,-,668,-,2068895,-,-,-,24016,-,-,-,25036,261955,311180,-,1040052,389684,3232,-,13741,-,1983916,-,-,-,54639,-,-,-,25790,238056,233882,-,992262,407366,18277,-,10969,2675,1892499,-,-,-,26487,-,-,-,27461,263181,182924,-,939771,398904,13956,-,38332,1484,1892487,-,-,-,19945,-,-,-,12460,347221,203969,-,889312,331670,26216,-,53242,8452
"① 재생에너지",바이오 (MWh),Bio-SRF,사업용,-,-,-,-,-,-,-,-,-,-,-,-,-,-,-,-,-,-,-,-,-,-,-,-,-,-,-,-,-,-,-,-,-,-,-,329377,-,-,478,-,-,-,-,-,1147,319729,-,-,8023,-,-,-,-,652961,-,-,1174,-,-,-,-,-,-,307607,-,338037,-,6143,-,-,-,1127409,-,-,-,17704,-,-,-,7089,-,320327,-,670546,111742,-,-,-,-,1431740,-,-,-,15796,-,-,-,2170,9807,319933,-,745822,338211,-,-,-,-,1782965,-,-,-,16807,-,-,-,20496,198697,267747,-,904317,374157,77,-,668,-,2068895,-,-,-,24016,-,-,-,25036,261955,311180,-,1040052,389684,3232,-,13741,-,1983916,-,-,-,54639,-,-,-,25790,238056,233882,-,992262,407366,18277,-,10969,2675,1892499,-,-,-,26487,-,-,-,27461,263181,182924,-,939771,398904,13956,-,38332,1484,1720336,-,-,-,19945,-,-,-,12460,347221,203969,-,717162,331670,26216,-,53242,8452
"① 재생에너지",바이오 (MWh),Bio-SRF,자가용,-,-,-,-,-,-,-,-,-,-,-,-,-,-,-,-,-,-,-,-,-,-,-,-,-,-,-,-,-,-,-,-,-,-,-,11877,-,-,-,-,-,-,-,-,-,-,705,-,11172,-,-,-,-,4,-,-,-,-,-,-,-,-,-,-,-,4,-,-,-,-,-,-,-,-,-,-,-,-,-,-,-,-,-,-,-,-,-,-,-,-,-,-,-,-,-,-,-,-,-,-,-,-,-,-,-,-,-,-,-,-,-,-,-,-,-,-,-,-,-,-,-,-,-,-,-,-,-,-,-,-,-,-,-,-,-,-,-,-,-,-,-,-,-,-,-,-,-,-,-,-,-,-,-,-,-,-,-,-,-,-,-,-,-,-,-,-,-,-,-,-,-,-,-,-,-,-,-,-,-,172150,-,-,-,-,-,-,-,-,-,-,-,172150,-,-,-,-,-
"① 재생에너지",바이오 (MWh),바이오중유,소계,-,-,-,-,-,-,-,-,-,-,-,-,-,-,-,-,-,-,-,-,-,-,-,-,-,-,-,-,-,-,-,-,-,-,-,536765,-,-,-,-,-,-,34667,-,4535,-,-,-,-,-,-,-,497563,1233190,-,-,61,-,-,-,194469,-,18346,-,-,-,-,-,-,-,1020314,1454982,-,-,2495,-,-,-,261070,-,16321,-,-,-,-,-,-,-,1175095,1242311,-,-,2514,-,-,-,499180,-,-,-,-,-,-,-,-,-,740617,1609999,-,-,1717,-,-,-,528201,-,3461,-,-,-,-,-,-,-,1076621,2295198,-,-,-,-,-,-,445915,-,-,-,-,-,-,-,-,-,1849283,1918119,-,-,-,-,-,-,558487,-,-,-,-,-,-,-,-,-,1359632,1832406,-,-,-,-,-,-,428017,-,-,-,-,-,-,-,-,-,1404388,1654179,-,-,-,-,-,-,55475,-,-,-,-,-,-,-,-,-,1598705
"① 재생에너지",바이오 (MWh),바이오중유,사업용,-,-,-,-,-,-,-,-,-,-,-,-,-,-,-,-,-,-,-,-,-,-,-,-,-,-,-,-,-,-,-,-,-,-,-,536765,-,-,-,-,-,-,34667,-,4535,-,-,-,-,-,-,-,497563,1233190,-,-,61,-,-,-,194469,-,18346,-,-,-,-,-,-,-,1020314,1454982,-,-,2495,-,-,-,261070,-,16321,-,-,-,-,-,-,-,1175095,1242311,-,-,2514,-,-,-,499180,-,-,-,-,-,-,-,-,-,740617,1609999,-,-,1717,-,-,-,528201,-,3461,-,-,-,-,-,-,-,1076621,2295198,-,-,-,-,-,-,445915,-,-,-,-,-,-,-,-,-,1849283,1918119,-,-,-,-,-,-,558487,-,-,-,-,-,-,-,-,-,1359632,1832406,-,-,-,-,-,-,428017,-,-,-,-,-,-,-,-,-,1404388,1654179,-,-,-,-,-,-,55475,-,-,-,-,-,-,-,-,-,1598705
"① 재생에너지",폐기물 (MWh),소계,소계,11737151,107251,20340,3351,9017,10302,-,226192,279966,10671,27821,3286433,48647,2432799,5234322,33307,6731,11554426,123057,26593,5552,6481,15611,-,365974,295,92566,21101,25972,3402915,66770,2324364,5034371,35772,7031,14334944,128623,91923,2974,14970,9081,-,233909,12442,81475,30197,55923,4831105,60467,2500913,6210512,57068,13362,22468966,135588,132514,11878,41530,16720,-,123221,6290,95007,104694,120914,4699644,70726,9581402,7011636,307239,9964,22754303,121304,119505,11434,55489,14261,-,320350,8352,103482,48105,216684,4839900,139183,9323629,7379557,45819,7250,23867053,117941,130137,14791,57405,7314,-,290378,12456,119265,46805,67513,5042777,69466,10106182,7736267,40884,7473,24355370,123975,138105,16782,70684,5980,4272,460724,14391,126626,72045,81177,5256864,58005,9952465,7926082,39559,7635,18449443,100105,102876,9994,25326,6499,1705,311359,12607,119354,60160,60240,3983081,37122,7073913,6494895,43842,6366,439137,45912,43458,5252,8470,5539,533,5330,5053,73072,24791,20610,17261,15911,61831,51907,17263,36946,470620,69477,39506,4996,9278,6438,2683,6193,4704,76112,22885,23435,13352,21301,61136,50388,15702,43033,413529,69288,28419,3768,8858,6510,3878,4532,4251,64591,14084,35249,11469,17747,77472,28216,15711,19487
"① 재생에너지",폐기물 (MWh),사업용,소계,5652440,57280,-,-,-,-,-,782,50478,9228,13788,3034460,48647,2425096,-,12681,-,6268771,91627,18275,566,364,3435,-,90090,-,23389,4111,8484,3402915,47591,2265478,303321,9100,24,9250869,82270,80181,-,9778,9081,-,-,-,36708,-,36984,4831105,60467,2490727,1613192,376,-,10150125,89559,121620,-,36825,5576,-,37567,5582,45030,11246,98820,4699644,70726,2699320,2034839,193772,-,9865706,75904,112950,-,49881,5681,-,9733,8352,9949,45693,42318,4523416,126951,2761375,2088731,4773,-,10051818,79040,124385,-,54245,7314,-,8400,12456,20269,46068,58391,4679282,55084,3009675,1895643,1567,-,10204921,80411,130924,-,69639,5980,-,11179,14391,24922,71584,60765,4906077,44428,2879779,1900636,4207,-,6937137,67880,98048,-,25326,6499,-,7568,12607,43956,58925,44080,3716830,26384,1595796,1223965,9272,-,337612,30884,41114,64,8024,5539,-,2284,5053,39576,24276,12374,16454,10446,61831,41695,3844,34154,359968,53392,37226,47,7172,6438,-,3037,4704,43240,22289,17686,12473,16350,51710,40631,3629,39945,349828,57044,25503,-,6709,6510,-,3283,3884,49736,14001,32426,10633,17747,77472,22438,4914,17528
"① 재생에너지",폐기물 (MWh),자가용,소계,6084711,49971,20340,3351,9017,10302,-,225410,229488,1443,14033,251973,-,7703,5234322,20626,6731,5285655,31430,8319,4986,6117,12176,-,275884,295,69177,16991,17488,-,19179,58886,4731050,26672,7007,5084075,46353,11742,2974,5192,-,-,233909,12442,44767,30197,18939,-,-,10186,4597320,56692,13362,12318841,46029,10894,11878,4705,11144,-,85654,708,49977,93448,22094,-,-,6882082,4976797,113467,9964,12888596,45399,6555,11434,5607,8580,-,310618,-,93532,2413,174366,316484,12232,6562254,5290826,41046,7250,13815235,38901,5752,14791,3160,-,-,281978,-,98996,738,9122,363495,14382,7096507,5840624,39317,7473,14150448,43564,7180,16782,1045,-,4272,449545,-,101703,461,20412,350787,13578,7072686,6025446,35352,7635,11512307,32225,4828,9994,-,-,1705,303791,-,75398,1235,16160,266251,10737,5478116,5270930,34570,6366,101525,15028,2344,5188,446,-,533,3046,-,33496,515,8236,806,5465,-,10211,13420,2792,110652,16085,2281,4949,2106,-,2683,3155,-,32873,597,5749,879,4950,9426,9758,12073,3088,63701,12244,2916,3768,2149,-,3878,1249,367,14855,83,2823,836,-,-,5778,10797,1959
"① 재생에너지",폐기물 (MWh),폐가스,소계,11162731,-,-,-,-,-,-,225410,4710,-,-,3286433,-,2431851,5214327,-,-,11092956,-,-,-,-,-,-,365974,-,-,-,-,3402915,-,2322312,5001754,-,-,13737290,-,-,-,-,-,-,231265,-,-,-,-,4831105,-,2488128,6186792,-,-,21419499,-,4000,-,-,-,-,116257,-,-,-,57204,4695545,-,9578915,6967578,-,-,21672062,-,-,-,-,-,-,307579,-,-,-,-,4823310,-,9208649,7332524,-,-,22892836,-,-,-,-,-,-,280200,-,-,-,-,5009058,-,9918756,7684822,-,-,23310983,-,-,-,-,-,-,439603,-,-,-,-,5237239,-,9765699,7868442,-,-,17574387,-,-,-,-,-,-,298505,-,-,-,-,3948758,-,6925284,6401840,-,-,-,-,-,-,-,-,-,-,-,-,-,-,-,-,-,-,-,-,-,-,-,-,-,-,-,-,-,-,-,-,-,-,-,-,-,-,-,-,-,-,-,-,-,-,-,-,-,-,-,-,-,-,-,-
"① 재생에너지",폐기물 (MWh),폐가스,사업용,5459106,-,-,-,-,-,-,-,-,-,-,3034460,-,2424646,-,-,-,6060450,-,-,-,-,-,-,90090,-,-,-,-,3402915,-,2264123,303321,-,-,8924777,-,-,-,-,-,-,-,-,-,-,-,4831105,-,2488128,1605544,-,-,9503822,-,-,-,-,-,-,33657,-,-,-,57204,4695545,-,2697513,2019903,-,-,9217232,-,-,-,-,-,-,-,-,-,-,-,4506826,-,2646515,2063891,-,-,9334436,-,-,-,-,-,-,-,-,-,-,-,4645563,-,2822249,1866624,-,-,9445991,-,-,-,-,-,-,-,-,-,-,-,4886452,-,2693013,1866526,-,-,6281275,-,-,-,-,-,-,-,-,-,-,-,3682934,-,1447167,1151174,-,-,-,-,-,-,-,-,-,-,-,-,-,-,-,-,-,-,-,-,-,-,-,-,-,-,-,-,-,-,-,-,-,-,-,-,-,-,-,-,-,-,-,-,-,-,-,-,-,-,-,-,-,-,-,-
"① 재생에너지",폐기물 (MWh),폐가스,자가용,5703625,-,-,-,-,-,-,225410,4710,-,-,251973,-,7205,5214327,-,-,5032506,-,-,-,-,-,-,275884,-,-,-,-,-,-,58189,4698433,-,-,4812513,-,-,-,-,-,-,231265,-,-,-,-,-,-,-,4581248,-,-,11915677,-,4000,-,-,-,-,82600,-,-,-,-,-,-,6881402,4947675,-,-,12454830,-,-,-,-,-,-,307579,-,-,-,-,316484,-,6562134,5268633,-,-,13558400,-,-,-,-,-,-,280200,-,-,-,-,363495,-,7096507,5818198,-,-,13864992,-,-,-,-,-,-,439603,-,-,-,-,350787,-,7072686,6001916,-,-,11293112,-,-,-,-,-,-,298505,-,-,-,-,265825,-,5478116,5250666,-,-,-,-,-,-,-,-,-,-,-,-,-,-,-,-,-,-,-,-,-,-,-,-,-,-,-,-,-,-,-,-,-,-,-,-,-,-,-,-,-,-,-,-,-,-,-,-,-,-,-,-,-,-,-,-
"① 재생에너지",폐기물 (MWh),산업폐기물,소계,27598,-,-,-,-,-,-,-,8529,-,11589,-,4150,450,2880,-,-,23410,-,-,-,-,4274,-,-,-,-,-,5975,-,10266,1347,1548,-,-,66381,-,10903,-,-,5349,-,-,-,1791,-,29695,-,13025,1298,4320,-,-,86666,-,-,-,-,-,-,-,-,-,-,34287,-,22842,415,29122,-,-,174950,-,-,-,12448,5681,-,-,5464,3957,-,30781,10818,91122,2581,12097,-,-,159714,-,-,-,20826,7314,-,-,9403,18678,-,43343,16515,21287,3671,18677,-,-,158923,-,-,-,40141,5980,-,-,3562,14660,-,42262,16977,12166,4042,18754,380,-,157812,-,-,-,25326,6499,-,-,3000,33019,-,30918,20105,10857,3322,19103,5663,-,91821,-,-,-,8024,5539,-,-,3834,33329,-,13407,9675,8420,1544,6000,2049,-,108574,-,-,-,7184,6438,93,-,3696,36705,-,18418,9395,8114,10496,6314,1721,-,142400,-,-,-,8705,6510,116,-,3599,35809,-,30180,9059,6875,34373,5563,1611,-
"① 재생에너지",폐기물 (MWh),산업폐기물,사업용,4600,-,-,-,-,-,-,-,-,-,-,-,4150,450,-,-,-,11613,-,-,-,-,-,-,-,-,-,-,-,-,10266,1347,-,-,-,51158,-,-,-,-,5349,-,-,-,1791,-,29695,-,13025,1298,-,-,-,57544,-,-,-,-,-,-,-,-,-,-,34287,-,22842,415,-,-,-,174903,-,-,-,12448,5681,-,-,5464,3910,-,30781,10818,91122,2581,12097,-,-,156506,-,-,-,20826,7314,-,-,9403,15470,-,43343,16515,21287,3671,18677,-,-,153954,-,-,-,40141,5980,-,-,3562,12894,-,39059,16977,12166,4042,18754,380,-,153549,-,-,-,25326,6499,-,-,3000,32025,-,27648,20105,10857,3322,19103,5663,-,90776,-,-,-,8024,5539,-,-,3834,33317,-,12374,9675,8420,1544,6000,2049,-,98312,-,-,-,7172,6438,-,-,3696,36705,-,17686,9395,8114,1070,6314,1721,-,139179,-,-,-,6556,6510,-,-,3599,35809,-,29224,9059,6875,34373,5563,1611,-
"① 재생에너지",폐기물 (MWh),산업폐기물,자가용,22998,-,-,-,-,-,-,-,8529,-,11589,-,-,-,2880,-,-,11797,-,-,-,-,4274,-,-,-,-,-,5975,-,-,-,1548,-,-,15223,-,10903,-,-,-,-,-,-,-,-,-,-,-,-,4320,-,-,29122,-,-,-,-,-,-,-,-,-,-,-,-,-,-,29122,-,-,47,-,-,-,-,-,-,-,-,47,-,-,-,-,-,-,-,-,3208,-,-,-,-,-,-,-,-,3208,-,-,-,-,-,-,-,-,4969,-,-,-,-,-,-,-,-,1766,-,3203,-,-,-,-,-,-,4263,-,-,-,-,-,-,-,-,994,-,3269,-,-,-,-,-,-,1045,-,-,-,-,-,-,-,-,12,-,1033,-,-,-,-,-,-,10263,-,-,-,12,-,93,-,-,-,-,732,-,-,9426,-,-,-,3221,-,-,-,2149,-,116,-,-,-,-,956,-,-,-,-,-,-
"① 재생에너지",폐기물 (MWh),생활폐기물,소계,100697,57280,-,-,-,-,-,-,10585,1443,2444,-,-,498,17115,11331,-,181142,74628,18031,-,-,-,-,-,295,28144,10443,4116,-,-,705,31069,13395,317,234470,82270,-,-,9778,-,-,-,12442,22712,17154,18939,-,-,11487,19400,34031,6257,694377,135588,6894,11878,25713,16720,-,3054,708,95007,17688,28046,-,18870,2072,14936,307239,9964,406578,121304,6555,11434,25980,8580,-,3039,-,99524,9480,18409,1916,12232,120,34936,45819,7250,371828,117941,5752,6999,23989,-,-,1778,-,100587,7462,9122,2690,14382,-,32768,40884,7473,381641,123975,7180,6607,1045,-,-,9942,-,111867,6310,17209,2648,13578,-,34466,39179,7635,307864,100105,4828,2125,-,-,-,5285,-,86299,6800,12890,2933,10737,-,31314,38180,6366,187677,45912,2344,1801,446,-,-,3046,-,39691,3449,7203,1957,5465,-,24203,15215,36946,222835,69477,2091,1852,2094,-,-,3155,-,39406,3091,5017,1955,13135,-,24549,13981,43033,173702,69288,2916,3768,153,-,-,1249,367,28782,2927,3807,1980,10847,-,14030,14100,19487
"① 재생에너지",폐기물 (MWh),생활폐기물,사업용,57725,57280,-,-,-,-,-,-,-,-,-,-,-,-,-,445,-,92857,74628,18031,-,-,-,-,-,-,-,-,166,-,-,8,-,-,24,102301,82270,-,-,9778,-,-,-,-,928,-,-,-,-,1301,7648,376,-,397335,89559,-,-,21008,5576,-,-,-,45030,1240,5952,-,18870,1392,14936,193772,-,128816,75904,-,-,20372,-,-,-,-,6039,7068,-,1916,-,-,12743,4773,-,125992,79040,-,-,20829,-,-,-,-,4799,6725,-,2690,-,-,10342,1567,-,115601,80411,-,-,-,-,-,-,-,11929,5849,-,2648,-,-,10936,3827,-,102506,67880,-,-,-,-,-,-,-,11895,5565,-,2506,-,-,11051,3609,-,91181,30884,-,64,-,-,-,-,-,6208,2934,-,1151,-,-,13992,1795,34154,128370,53392,-,47,-,-,-,-,-,6533,2494,-,1075,8185,-,14791,1908,39945,116984,57044,-,-,153,-,-,-,-,13927,2844,1940,1144,10847,-,8252,3303,17528
"① 재생에너지",폐기물 (MWh),생활폐기물,자가용,42972,-,-,-,-,-,-,-,10585,1443,2444,-,-,498,17115,10886,-,88285,-,-,-,-,-,-,-,295,28144,10443,3950,-,-,697,31069,13395,293,132169,-,-,-,-,-,-,-,12442,21784,17154,18939,-,-,10186,11752,33655,6257,297042,46029,6894,11878,4705,11144,-,3054,708,49977,16448,22094,-,-,680,-,113467,9964,277762,45399,6555,11434,5607,8580,-,3039,-,93485,2413,18409,-,12232,120,22193,41046,7250,245836,38901,5752,6999,3160,-,-,1778,-,95788,738,9122,-,14382,-,22426,39317,7473,266040,43564,7180,6607,1045,-,-,9942,-,99937,461,17209,-,13578,-,23530,35352,7635,205358,32225,4828,2125,-,-,-,5285,-,74404,1235,12890,427,10737,-,20263,34570,6366,96496,15028,2344,1737,446,-,-,3046,-,33484,515,7203,806,5465,-,10211,13420,2792,94465,16085,2091,1805,2094,-,-,3155,-,32873,597,5017,879,4950,-,9758,12073,3088,56718,12244,2916,3768,-,-,-,1249,367,14855,83,1867,836,-,-,5778,10797,1959
"① 재생에너지",폐기물 (MWh),대형도시쓰레기,소계,439281,49971,20340,3351,9017,10302,-,782,256142,9228,13788,-,37653,-,-,21976,6731,238807,48429,8562,5552,6481,11337,-,-,-,64422,10658,15881,-,38394,-,-,22377,6715,185228,46353,865,2974,5192,3732,-,2644,-,56972,13043,7289,-,16022,-,-,23037,7105,-,-,-,-,-,-,-,-,-,-,-,-,-,-,-,-,-,-,-,-,-,-,-,-,-,-,-,-,-,-,-,-,-,-,-,-,-,-,-,-,-,-,-,-,-,-,-,-,-,-,-,-,-,-,-,-,-,-,-,-,-,-,-,-,-,-,-,-,-,-,-,-,-,-,-,-,-,-,-,-,-,-,-,-,-,-,-,-,-,-,-,-,-,-,-,-,-,-,-,-,-,-,-,-,-,-,-,-,-,-,-,-,-,-,-,-,-,-,-,-,-,-,-,-,-,-,-,-,-,-,-,-,-,-,-,-,-,-,-,-,-,-,-,-
"① 재생에너지",폐기물 (MWh),대형도시쓰레기,사업용,124165,-,-,-,-,-,-,782,50478,9228,13788,-,37653,-,-,12236,-,85740,16999,243,566,364,3435,-,-,-,23389,4111,8318,-,19215,-,-,9100,1,61058,-,26,-,-,3732,-,-,-,33989,-,7289,-,16022,-,-,-,-,-,-,-,-,-,-,-,-,-,-,-,-,-,-,-,-,-,-,-,-,-,-,-,-,-,-,-,-,-,-,-,-,-,-,-,-,-,-,-,-,-,-,-,-,-,-,-,-,-,-,-,-,-,-,-,-,-,-,-,-,-,-,-,-,-,-,-,-,-,-,-,-,-,-,-,-,-,-,-,-,-,-,-,-,-,-,-,-,-,-,-,-,-,-,-,-,-,-,-,-,-,-,-,-,-,-,-,-,-,-,-,-,-,-,-,-,-,-,-,-,-,-,-,-,-,-,-,-,-,-,-,-,-,-,-,-,-,-,-,-,-,-,-,-
"① 재생에너지",폐기물 (MWh),대형도시쓰레기,자가용,315116,49971,20340,3351,9017,10302,-,-,205664,-,-,-,-,-,-,9740,6731,153067,31430,8319,4986,6117,7902,-,-,-,41033,6548,7563,-,19179,-,-,13277,6714,124170,46353,839,2974,5192,-,-,2644,-,22983,13043,-,-,-,-,-,23037,7105,-,-,-,-,-,-,-,-,-,-,-,-,-,-,-,-,-,-,-,-,-,-,-,-,-,-,-,-,-,-,-,-,-,-,-,-,-,-,-,-,-,-,-,-,-,-,-,-,-,-,-,-,-,-,-,-,-,-,-,-,-,-,-,-,-,-,-,-,-,-,-,-,-,-,-,-,-,-,-,-,-,-,-,-,-,-,-,-,-,-,-,-,-,-,-,-,-,-,-,-,-,-,-,-,-,-,-,-,-,-,-,-,-,-,-,-,-,-,-,-,-,-,-,-,-,-,-,-,-,-,-,-,-,-,-,-,-,-,-,-,-,-,-,-
"① 재생에너지",폐기물 (MWh),SRF,소계,-,-,-,-,-,-,-,-,-,-,-,-,-,-,-,-,-,-,-,-,-,-,-,-,-,-,-,-,-,-,-,-,-,-,-,111575,-,80155,-,-,-,-,-,-,-,-,-,-,31420,-,-,-,-,171900,-,121620,-,-,-,-,202,5582,-,10006,1377,4099,29014,-,-,-,-,312740,-,112950,-,-,-,-,5713,2887,-,38625,601,3855,35829,112279,-,-,-,411991,-,124385,7792,-,-,-,5353,3053,-,39343,-,14514,33797,183755,-,-,-,455951,-,130924,10175,-,-,4272,11179,10829,-,65735,3431,-,32262,182724,4420,-,-,392976,-,98048,7869,-,-,1705,7568,9607,36,53359,28,11284,15528,145307,42638,-,-,159639,-,41114,3451,-,-,533,2284,1219,52,21342,-,5629,2026,60286,21703,-,-,139211,-,37415,3144,-,-,2590,3037,1007,2,19794,-,2002,51,50640,19526,-,-,97427,-,25503,-,-,-,3762,3283,285,-,11157,1262,430,25,43099,8623,-,-
"① 재생에너지",폐기물 (MWh),SRF,사업용,-,-,-,-,-,-,-,-,-,-,-,-,-,-,-,-,-,-,-,-,-,-,-,-,-,-,-,-,-,-,-,-,-,-,-,111575,-,80155,-,-,-,-,-,-,-,-,-,-,31420,-,-,-,-,171900,-,121620,-,-,-,-,202,5582,-,10006,1377,4099,29014,-,-,-,-,312740,-,112950,-,-,-,-,5713,2887,-,38625,601,3855,35829,112279,-,-,-,404199,-,124385,-,-,-,-,5353,3053,-,39343,-,14514,33797,183755,-,-,-,441504,-,130924,-,-,-,-,11179,10829,-,65735,3431,-,32262,182724,4420,-,-,383403,-,98048,-,-,-,-,7568,9607,36,53359,28,11284,15528,145307,42638,-,-,155654,-,41114,-,-,-,-,2284,1219,52,21342,-,5629,2026,60286,21703,-,-,133286,-,37226,-,-,-,-,3037,1007,2,19794,-,2002,51,50640,19526,-,-,93665,-,25503,-,-,-,-,3283,285,-,11157,1262,430,25,43099,8623,-,-
"① 재생에너지",폐기물 (MWh),SRF,자가용,-,-,-,-,-,-,-,-,-,-,-,-,-,-,-,-,-,-,-,-,-,-,-,-,-,-,-,-,-,-,-,-,-,-,-,-,-,-,-,-,-,-,-,-,-,-,-,-,-,-,-,-,-,-,-,-,-,-,-,-,-,-,-,-,-,-,-,-,-,-,-,-,-,-,-,-,-,-,-,-,-,-,-,-,-,-,-,-,-,7792,-,-,7792,-,-,-,-,-,-,-,-,-,-,-,-,-,-,14447,-,-,10175,-,-,4272,-,-,-,-,-,-,-,-,-,-,-,9573,-,-,7869,-,-,1705,-,-,-,-,-,-,-,-,-,-,-,3984,-,-,3451,-,-,533,-,-,-,-,-,-,-,-,-,-,-,5924,-,190,3144,-,-,2590,-,-,-,-,-,-,-,-,-,-,-,3762,-,-,-,-,-,3762,-,-,-,-,-,-,-,-,-,-,-
"① 재생에너지",폐기물 (MWh),RDF/RPF/TDF,소계,6844,-,-,-,-,-,-,-,-,-,-,-,6844,-,-,-,-,18111,-,-,-,-,-,-,-,-,-,-,-,-,18111,-,-,-,-,-,-,-,-,-,-,-,-,-,-,-,-,-,-,-,-,-,-,-,-,-,-,-,-,-,-,-,-,-,-,-,-,-,-,-,-,-,-,-,-,-,-,-,-,-,-,-,-,-,-,-,-,-,-,-,-,-,-,-,-,-,-,-,-,-,-,-,-,-,-,-,-,-,-,-,-,-,-,-,-,-,-,-,-,-,-,-,-,-,-,-,-,-,-,-,-,-,-,-,-,-,-,-,-,-,-,-,-,-,-,-,-,-,-,-,-,-,-,-,-,-,-,-,-,-,-,-,-,-,-,-,-,-,-,-,-,-,-,-,-,-,-,-,-,-,-,-,-,-,-,-,-,-,-,-,-,-,-,-,-,-,-
"① 재생에너지",폐기물 (MWh),RDF/RPF/TDF,사업용,6844,-,-,-,-,-,-,-,-,-,-,-,6844,-,-,-,-,18111,-,-,-,-,-,-,-,-,-,-,-,-,18111,-,-,-,-,-,-,-,-,-,-,-,-,-,-,-,-,-,-,-,-,-,-,-,-,-,-,-,-,-,-,-,-,-,-,-,-,-,-,-,-,-,-,-,-,-,-,-,-,-,-,-,-,-,-,-,-,-,-,-,-,-,-,-,-,-,-,-,-,-,-,-,-,-,-,-,-,-,-,-,-,-,-,-,-,-,-,-,-,-,-,-,-,-,-,-,-,-,-,-,-,-,-,-,-,-,-,-,-,-,-,-,-,-,-,-,-,-,-,-,-,-,-,-,-,-,-,-,-,-,-,-,-,-,-,-,-,-,-,-,-,-,-,-,-,-,-,-,-,-,-,-,-,-,-,-,-,-,-,-,-,-,-,-,-,-,-
"① 재생에너지",폐기물 (MWh),시멘트킬른보조연료,소계,-,-,-,-,-,-,-,-,-,-,-,-,-,-,-,-,-,-,-,-,-,-,-,-,-,-,-,-,-,-,-,-,-,-,-,-,-,-,-,-,-,-,-,-,-,-,-,-,-,-,-,-,-,77000,-,-,-,-,-,-,-,-,-,77000,-,-,-,-,-,-,-,155957,-,-,-,-,-,-,-,-,-,-,155957,-,-,-,-,-,-,-,-,-,-,-,-,-,-,-,-,-,-,-,-,-,-,-,-,-,-,-,-,-,-,-,-,-,-,-,-,-,-,-,-,-,-,-,-,-,-,-,-,-,-,-,-,-,-,-,-,-,-,-,-,-,-,-,-,-,-,-,-,-,-,-,-,-,-,-,-,-,-,-,-,-,-,-,-,-,-,-,-,-,-,-,-,-,-,-,-,-,-,-,-,-,-,-,-,-,-,-,-,-,-,-,-,-,-
"① 재생에너지",폐기물 (MWh),시멘트킬른보조연료,자가용,-,-,-,-,-,-,-,-,-,-,-,-,-,-,-,-,-,-,-,-,-,-,-,-,-,-,-,-,-,-,-,-,-,-,-,-,-,-,-,-,-,-,-,-,-,-,-,-,-,-,-,-,-,77000,-,-,-,-,-,-,-,-,-,77000,-,-,-,-,-,-,-,155957,-,-,-,-,-,-,-,-,-,-,155957,-,-,-,-,-,-,-,-,-,-,-,-,-,-,-,-,-,-,-,-,-,-,-,-,-,-,-,-,-,-,-,-,-,-,-,-,-,-,-,-,-,-,-,-,-,-,-,-,-,-,-,-,-,-,-,-,-,-,-,-,-,-,-,-,-,-,-,-,-,-,-,-,-,-,-,-,-,-,-,-,-,-,-,-,-,-,-,-,-,-,-,-,-,-,-,-,-,-,-,-,-,-,-,-,-,-,-,-,-,-,-,-,-,-
"① 재생에너지",폐기물 (MWh),정제연료유,소계,-,-,-,-,-,-,-,-,-,-,-,-,-,-,-,-,-,-,-,-,-,-,-,-,-,-,-,-,-,-,-,-,-,-,-,-,-,-,-,-,-,-,-,-,-,-,-,-,-,-,-,-,-,19524,-,-,-,15817,-,-,3708,-,-,-,-,-,-,-,-,-,-,32016,-,-,-,17061,-,-,4019,-,-,-,10936,-,-,-,-,-,-,30684,-,-,-,12590,-,-,3047,-,-,-,15048,-,-,-,-,-,-,47871,-,-,-,29497,-,-,-,-,99,-,18275,-,-,-,-,-,-,16404,-,-,-,-,-,-,-,-,-,-,16404,-,-,-,-,-,-,-,-,-,-,-,-,-,-,-,-,-,-,-,-,-,-,-,-,-,-,-,-,-,-,-,-,-,-,-,-,-,-,-,-,-,-,-,-,-,-,-,-,-,-,-,-,-,-,-,-,-,-,-,-
"① 재생에너지",폐기물 (MWh),정제연료유,사업용,-,-,-,-,-,-,-,-,-,-,-,-,-,-,-,-,-,-,-,-,-,-,-,-,-,-,-,-,-,-,-,-,-,-,-,-,-,-,-,-,-,-,-,-,-,-,-,-,-,-,-,-,-,19524,-,-,-,15817,-,-,3708,-,-,-,-,-,-,-,-,-,-,32016,-,-,-,17061,-,-,4019,-,-,-,10936,-,-,-,-,-,-,30684,-,-,-,12590,-,-,3047,-,-,-,15048,-,-,-,-,-,-,47871,-,-,-,29497,-,-,-,-,99,-,18275,-,-,-,-,-,-,16404,-,-,-,-,-,-,-,-,-,-,16404,-,-,-,-,-,-,-,-,-,-,-,-,-,-,-,-,-,-,-,-,-,-,-,-,-,-,-,-,-,-,-,-,-,-,-,-,-,-,-,-,-,-,-,-,-,-,-,-,-,-,-,-,-,-,-,-,-,-,-,-
"② 신에너지",연료전지 (MWh),소계,소계,389664,29632,53261,75278,14163,2347,154,391,77523,241,21,21743,17113,79679,18061,58,-,578578,24513,47337,58103,8153,2559,216,9620,-,296633,241,25,20866,14638,76142,19473,58,-,943056,56152,37922,32189,33069,2780,216,24448,-,602953,241,25,14714,15599,70560,52128,58,-,1089260,174797,25182,46066,87732,2271,202,22886,-,606437,189,20,22312,11989,73345,15769,62,-,1143402,180321,30327,51655,112962,2376,282,18721,-,590994,186,115,24281,1933,117960,11068,221,-,1469289,326809,182741,41699,118492,2388,375,20656,-,623380,181,269,28133,886,107230,15664,388,-,1764948,320908,261462,41702,207787,2389,416,16691,15,708275,377,315,67203,4033,122117,10661,596,-,2306654,280596,248136,33590,562972,2550,25702,11773,50,793184,876,421,146269,4982,180385,12891,2277,-,3544354,341090,184330,7851,953427,3227,31727,13930,39734,1232451,49176,617,458230,8638,168067,32031,19637,191,4798120,438474,293478,14701,1497473,4557,37794,55559,43834,1453062,148294,54965,453170,11215,229324,36159,25672,390,5409625,334996,327973,14947,1347243,64940,84631,216800,40394,1545077,276081,206224,488720,111198,292191,29233,28593,383
"② 신에너지",연료전지 (MWh),사업용,소계,374347,25371,53061,75186,14063,-,-,-,75205,-,-,21685,17071,79288,13417,-,-,560890,19740,47138,58012,7995,-,-,8085,-,293982,-,-,20808,14596,75709,14825,-,-,922817,50830,37681,31973,32516,-,-,22143,-,600136,-,-,14656,15557,70086,47239,-,-,1071418,170400,24921,45749,87010,-,-,21061,-,603778,-,-,22227,11956,72961,11355,-,-,1124544,175634,29932,51023,112175,-,-,16801,-,587649,-,-,24018,1901,117556,7855,-,-,1447768,321915,182151,40631,117627,-,-,18612,-,619515,-,-,27646,854,106759,12058,-,-,1741801,316023,260749,40076,206838,-,-,14688,-,703971,205,-,66543,4004,121596,6971,138,-,2257401,275523,247325,31501,561841,-,2942,9746,-,787364,737,-,145220,4951,179760,8800,1693,-,3485608,335040,183222,5502,951857,-,7799,11747,39664,1223956,48906,-,456645,8008,166746,27846,18669,-,4727370,431255,291136,11864,1494508,272,12634,54141,43763,1442562,147679,54122,451192,9959,227154,31650,23479,-,5329684,326914,324708,11544,1342785,60324,59605,215409,40324,1532633,275216,205222,486304,109439,289705,24164,25388,-
"② 신에너지",연료전지 (MWh),자가용,소계,15317,4261,200,92,100,2347,154,391,2318,241,21,58,42,391,4644,58,-,17688,4773,200,92,158,2559,216,1535,-,2651,241,25,58,42,433,4648,58,-,20239,5322,241,216,553,2780,216,2305,-,2817,241,25,58,42,474,4889,58,-,17842,4397,261,317,722,2271,202,1825,-,2659,189,20,85,33,384,4414,62,-,18858,4687,394,631,788,2376,282,1920,-,3346,186,115,263,32,404,3213,221,-,21521,4894,591,1069,864,2388,375,2044,-,3864,181,269,488,31,470,3606,388,-,23147,4885,713,1625,949,2389,416,2003,15,4304,172,315,660,30,522,3691,458,-,49254,5073,811,2089,1131,2550,22760,2027,50,5820,139,421,1049,31,625,4092,585,-,58746,6050,1107,2349,1570,3227,23928,2183,70,8495,270,617,1585,630,1321,4185,967,191,70750,7219,2342,2837,2965,4284,25160,1418,72,10500,615,843,1978,1256,2170,4509,2193,390,79942,8082,3265,3403,4458,4616,25026,1392,70,12444,865,1002,2416,1759,2487,5069,3205,383
"② 신에너지",IGCC (MWh),소계,소계,-,-,-,-,-,-,-,-,-,-,-,-,-,-,-,-,-,-,-,-,-,-,-,-,-,-,-,-,-,-,-,-,-,-,-,-,-,-,-,-,-,-,-,-,-,-,-,-,-,-,-,-,-,6089,-,-,-,-,-,-,-,-,-,-,-,6089,-,-,-,-,-,360681,-,-,-,-,-,-,-,-,-,-,-,360681,-,-,-,-,-,1285733,-,-,-,-,-,-,-,-,-,-,-,1285733,-,-,-,-,-,1702006,-,-,-,-,-,-,-,-,-,-,-,1702006,-,-,-,-,-,1031272,-,-,-,-,-,-,-,-,-,-,-,1031272,-,-,-,-,-,2377374,-,-,-,-,-,-,-,-,-,-,-,2377374,-,-,-,-,-,2190755,-,-,-,-,-,-,-,-,-,-,-,2190755,-,-,-,-,-,1964827,-,-,-,-,-,-,-,-,-,-,-,1964827,-,-,-,-,-
"② 신에너지",IGCC (MWh),사업용,소계,-,-,-,-,-,-,-,-,-,-,-,-,-,-,-,-,-,-,-,-,-,-,-,-,-,-,-,-,-,-,-,-,-,-,-,-,-,-,-,-,-,-,-,-,-,-,-,-,-,-,-,-,-,6089,-,-,-,-,-,-,-,-,-,-,-,6089,-,-,-,-,-,360681,-,-,-,-,-,-,-,-,-,-,-,360681,-,-,-,-,-,1285733,-,-,-,-,-,-,-,-,-,-,-,1285733,-,-,-,-,-,1702006,-,-,-,-,-,-,-,-,-,-,-,1702006,-,-,-,-,-,1031272,-,-,-,-,-,-,-,-,-,-,-,1031272,-,-,-,-,-,2377374,-,-,-,-,-,-,-,-,-,-,-,2377374,-,-,-,-,-,2190755,-,-,-,-,-,-,-,-,-,-,-,2190755,-,-,-,-,-,1964827,-,-,-,-,-,-,-,-,-,-,-,1964827,-,-,-,-,-
